report,chapter,section,words,source_file
fourth_report,CHAPTER ONE - Introduction,Terms of Reference,272,4r_page.asp_ch=01_pa=01_5982148b.html
fourth_report,CHAPTER ONE - Introduction,Shipman's Use of Pethidine and Diamorphine,2729,4r_page.asp_ch=01_pa=30_fd2d85fb.html
fourth_report,CHAPTER THREE - A Brief History of the Regulation of Controlled Drugs,Establishing Regular Police Inspection of Retail Pharmacies,262,4r_page.asp_ch=03_pa=13_143c861e.html
fourth_report,CHAPTER THREE - A Brief History of the Regulation of Controlled Drugs,Introduction,92,4r_page.asp_ch=03_pa=01_f94b49f9.html
fourth_report,CHAPTER THREE - A Brief History of the Regulation of Controlled Drugs,The Rolleston Report 1926,1069,4r_page.asp_ch=03_pa=21_8477be83.html
fourth_report,CHAPTER THREE - A Brief History of the Regulation of Controlled Drugs,The Medicines Act 1968,240,4r_page.asp_ch=03_pa=41_2e18ff7f.html
fourth_report,"CHAPTER FOUR - The Authority of a Medical Practitioner to Prescribe, Possess, Supply and Administer Controlled Drugs",Introduction,311,4r_page.asp_ch=04_pa=01_68ccd72f.html
fourth_report,CHAPTER SIX - Prescriptions and Requisitions,Conclusion,259,4r_page.asp_ch=05_pa=31_4fa35a42.html
fourth_report,CHAPTER FIVE - Arrangements for Dealing with Controlled Drugs in General Practitioners' Surgeries,Introduction,86,4r_page.asp_ch=05_pa=01_6920f9a4.html
fourth_report,CHAPTER SIX - Prescriptions and Requisitions,Introduction,63,4r_page.asp_ch=06_pa=01_ab9cba1f.html
fourth_report,CHAPTER SEVEN - Pharmacists and Pharmacies,The Controlled Drugs Register,2970,4r_page.asp_ch=07_pa=67_39636e81.html
fourth_report,CHAPTER SEVEN - Pharmacists and Pharmacies,Destruction of Controlled Drugs,871,4r_page.asp_ch=07_pa=75_cfeee9fa.html
fourth_report,CHAPTER SEVEN - Pharmacists and Pharmacies,The Operation of Community Pharmacies,965,4r_page.asp_ch=07_pa=29_9af87f5b.html
fourth_report,CHAPTER SEVEN - Pharmacists and Pharmacies,Legislation,139,4r_page.asp_ch=07_pa=01_7e99f739.html
fourth_report,CHAPTER EIGHT - Controlled Drugs in the Community,The Destruction of Controlled Drugs after Death,1542,4r_page.asp_ch=08_pa=31_04f971a3.html
fourth_report,CHAPTER EIGHT - Controlled Drugs in the Community,Introduction,499,4r_page.asp_ch=08_pa=01_0426ec54.html
fourth_report,CHAPTER NINE - The Inspection and Monitoring of the Arrangements for Controlled Drugs,Police Inspections,4259,4r_page.asp_ch=09_pa=34_3b239850.html
fourth_report,CHAPTER NINE - The Inspection and Monitoring of the Arrangements for Controlled Drugs,Home Office Inspections,1335,4r_page.asp_ch=09_pa=06_e2cebeac.html
fourth_report,CHAPTER NINE - The Inspection and Monitoring of the Arrangements for Controlled Drugs,Introduction,100,4r_page.asp_ch=09_pa=01_0fc2c526.html
fourth_report,CHAPTER TEN - Shipman's Abuse of Controlled Drugs in Todmorden,The Obtaining of Drugs in 1974 and 1975,1089,4r_page.asp_ch=10_pa=01_32a1e417.html
fourth_report,CHAPTER ELEVEN - Shipman's Use of Controlled Drugs in Hyde from 1977 to 1993,"The Pharmacy at 23 Market Street, Hyde",1858,4r_page.asp_ch=11_pa=21_37cfc54a.html
fourth_report,CHAPTER ELEVEN - Shipman's Use of Controlled Drugs in Hyde from 1977 to 1993,Introduction,639,4r_page.asp_ch=11_pa=01_adbc5d0c.html
fourth_report,CHAPTER THIRTEEN - Controlled Drugs Regulation in British Columbia and Northern Ireland,Introduction,164,4r_page.asp_ch=13_pa=01_d223f452.html
fourth_report,CHAPTER FOURTEEN - The Discussion Paper and the Seminars: Conclusions,Introduction,716,4r_page.asp_ch=14_pa=01_d431ffc8.html
fourth_report,CHAPTER FOURTEEN - The Discussion Paper and the Seminars: Conclusions,Prescriptions,8525,4r_page.asp_ch=14_pa=100_a287eb9a.html
fourth_report,CHAPTER FOURTEEN - The Discussion Paper and the Seminars: Conclusions,Pharmacy Controlled Drugs Registers,4763,4r_page.asp_ch=14_pa=161_a9ad3ac7.html
fourth_report,CHAPTER FOURTEEN - The Discussion Paper and the Seminars: Conclusions,General Practitioners' Controlled Drugs Registers,1694,4r_page.asp_ch=14_pa=128_0c4ba48e.html
fourth_report,CHAPTER FOURTEEN - The Discussion Paper and the Seminars: Conclusions,Should the Freedom to Prescribe Controlled Drugs Extend only to Practitioners in Actual Clinical Practice in a Relevant Field?,1766,4r_page.asp_ch=14_pa=08_314aa7b7.html
fourth_report,CHAPTER FOURTEEN - The Discussion Paper and the Seminars: Conclusions,Summary,820,4r_page.asp_ch=14_pa=256_e6623633.html
fourth_report,CHAPTER FOURTEEN - The Discussion Paper and the Seminars: Conclusions,"Should There Be Some Control on Doctors' Prescribing of Controlled Drugs for Themselves, Their Families or Friends?",1960,4r_page.asp_ch=14_pa=18_a3acb2e8.html
fourth_report,CHAPTER FOURTEEN - The Discussion Paper and the Seminars: Conclusions,Should the Freedom to Prescribe Controlled Drugs for a Patient in the Community Extend only to a Patient's 'Nominated' General Practitioner?,474,4r_page.asp_ch=14_pa=36_7d3e29b0.html
fourth_report,CHAPTER FOURTEEN - The Discussion Paper and the Seminars: Conclusions,Should Section 12 of the Misuse of Drugs Act 1971 Be Repealed?,1132,4r_page.asp_ch=14_pa=37_7c31f270.html
fourth_report,CHAPTER FOURTEEN - The Discussion Paper and the Seminars: Conclusions,The Audit of Controlled Drugs in the Community,2376,4r_page.asp_ch=14_pa=219_8339dde4.html
fourth_report,CHAPTER FOURTEEN - The Discussion Paper and the Seminars: Conclusions,The Disposal of Unused Controlled Drugs in the Community,2118,4r_page.asp_ch=14_pa=245_a2d40711.html
fourth_report,CHAPTER FOURTEEN - The Discussion Paper and the Seminars: Conclusions,Collecting Controlled Drugs from the Pharmacy,1456,4r_page.asp_ch=14_pa=209_53a00801.html
fourth_report,CHAPTER FOURTEEN - The Discussion Paper and the Seminars: Conclusions,Inspection Arrangements,3011,4r_page.asp_ch=14_pa=182_3ee4ebc6.html
fourth_report,"APPENDIX B - Participants in Phase Two, Stage Three of the Inquiry and Their Representatives",APPENDIX A - Selected Pages from 23 Market Street Controlled Drugs Register,29,4r_page.asp_ch=101_pa=1_7ab7e4dd.html
fourth_report,APPENDIX A - Selected Pages from 23 Market Street Controlled Drugs Register,"APPENDIX B - Participants in Phase Two, Stage Three of the Inquiry and Their Representatives",251,4r_page.asp_ch=102_pa=1_49d0fa73.html
fourth_report,"APPENDIX B - Participants in Phase Two, Stage Three of the Inquiry and Their Representatives",APPENDIX C - Summary of the Main Legal Requirements Governing the Possession and Supply of Controlled Drugs as They Apply to Pharmacists and General Practitioners,40,4r_page.asp_ch=103_pa=1_ca09060a.html
fourth_report,APPENDIX C - Summary of the Main Legal Requirements Governing the Possession and Supply of Controlled Drugs as They Apply to Pharmacists and General Practitioners,APPENDIX D - Pages from the Standard National Pharmaceutical Association Controlled Drugs Register,25,4r_page.asp_ch=104_pa=1_9add241a.html
fourth_report,APPENDIX D - Pages from the Standard National Pharmaceutical Association Controlled Drugs Register,APPENDIX E - Respondents to the Inquiry's Stage Three Discussion Paper,1460,4r_page.asp_ch=105_pa=1_4975b034.html
fourth_report,APPENDIX E - Respondents to the Inquiry's Stage Three Discussion Paper,APPENDIX F - Participants in the Inquiry Seminars: 12th-16th January 2004,154,4r_page.asp_ch=106_pa=1_3b34c291.html
fourth_report,,,33,4r_page.asp_ch=201_pa=05_86738abe.html
fourth_report,APPENDIX A - Selected Pages from 23 Market Street Controlled Drugs Register,APPENDICES,1,4r_page.asp_name=app_a7c2437b.html
fourth_report,,The Fourth Report,32,4r_page.asp_b94697c2.html
fourth_report,,,5,4rw_page.asp_6cc945b4.html
fourth_report,,,49,4rw_page.asp_ID=25_cafda602.html
fourth_report,,,151,4rw_page.asp_p=1_id=933_15999b0f.html
fourth_report,,,2,4rw_page.asp_id=934_91f3d6df.html
fourth_report,,,697,4rw_page.asp_p=1_id=935_2dee7ca9.html
fourth_report,,,275,4rw_page.asp_p=1_id=937_1bbfab51.html
fourth_report,,,885,4rw_page.asp_p=1_id=938_253c179d.html
fourth_report,,,312,4rw_page.asp_p=1_id=939_42196862.html
fourth_report,,,1122,4rw_page.asp_p=1_id=940_a262cd7d.html
fourth_report,,,926,4rw_page.asp_id=941_e6563529.html
fourth_report,,,1371,4rw_page.asp_p=1_id=942_88cd7a96.html
fourth_report,,,314,4rw_page.asp_p=1_id=943_28e818e8.html
fourth_report,,,1545,4rw_page.asp_p=1_id=944_63c8c046.html
fourth_report,,,429,4rw_page.asp_p=1_id=945_7892f0f8.html
fourth_report,,,26,4rw_page.asp_id=946_4004755a.html
fourth_report,,,64,4rw_page.asp_p=1_id=947_0b813a31.html
fourth_report,,,199,4rw_page.asp_p=1_id=948_58ea092b.html
fourth_report,,,474,4rw_page.asp_id=949_5391fd88.html
fourth_report,,,422,4rw_page.asp_id=950_b01a383f.html
fourth_report,,,354,4rw_page.asp_id=951_3ff80afc.html
fourth_report,,,547,4rw_page.asp_id=952_bb359f46.html
fourth_report,,,311,4rw_page.asp_ID=953_cbedc2b4.html
fourth_report,,,16,4rw_page.asp_p=1_id=954_7ccca199.html
fourth_report,,,234,4rw_page.asp_p=1_id=955_92f2e224.html
fourth_report,,,416,4rw_page.asp_id=956_6dfd722c.html
fourth_report,,,858,4rw_page.asp_id=957_6a243884.html
fourth_report,,,2808,4rw_page.asp_id=958_4d9e3860.html
fourth_report,,,1617,4rw_page.asp_p=1_id=959_8712c72d.html
fourth_report,,,365,4rw_page.asp_p=1_id=960_07caf1c5.html
fourth_report,,,14,4rw_page.asp_p=1_id=961_93d08e45.html
fourth_report,,,178,4rw_page.asp_ID=962_ad4640af.html
fourth_report,,,2665,4rw_page.asp_id=963_e0a798b1.html
fourth_report,,,373,4rw_page.asp_p=1_id=964_3be9e02b.html
fourth_report,,,199,4rw_page.asp_p=1_id=965_82561348.html
fourth_report,,,49,4rw_page.asp_id=966_b583333c.html
fourth_report,,,79,4rw_page.asp_id=967_ab05bcfd.html
fourth_report,,,265,4rw_page.asp_ID=968_c830f9b5.html
fourth_report,,,75,4rw_page.asp_p=1_id=969_8b62cba4.html
fourth_report,,,57,4rw_page.asp_ID=970_0485a3e2.html
fourth_report,,,287,4rw_page.asp_id=971_2bb3cd01.html
fourth_report,,,351,4rw_page.asp_id=972_5506d32a.html
fourth_report,,,534,4rw_page.asp_id=973_605e261b.html
fourth_report,,,227,4rw_page.asp_p=1_id=974_110e7051.html
fourth_report,,,1026,4rw_page.asp_ID=975_d70d22e9.html
fourth_report,,,145,4rw_page.asp_id=976_7f885b60.html
fourth_report,,,132,4rw_page.asp_p=1_id=977_54203a35.html
fourth_report,,,329,4rw_page.asp_id=978_888fa87c.html
fourth_report,,,947,4rw_page.asp_id=979_a8ea3abb.html
fourth_report,,,275,4rw_page.asp_p=1_id=980_19d961ac.html
fourth_report,,,230,4rw_page.asp_p=1_id=981_c497cf4d.html
fourth_report,,,1337,4rw_page.asp_ID=982_288cf512.html
fourth_report,,,326,4rw_page.asp_id=983_208a5024.html
fourth_report,,,166,4rw_page.asp_p=1_id=984_ceaea8a0.html
fourth_report,,,197,4rw_page.asp_p=1_id=985_ceb8f310.html
fourth_report,,,344,4rw_page.asp_id=986_f30782f0.html
fourth_report,,,26,4rw_page.asp_p=1_id=987_4497778e.html
fourth_report,,,278,4rw_page.asp_ID=988_a2ccf3a8.html
fourth_report,,,380,4rw_page.asp_p=1_id=989_39dfd3f1.html
fourth_report,,,3692,4rw_page.asp_id=990_4c586ea4.html
fourth_report,,,2088,4rw_page.asp_id=991_9b95b5ed.html
fourth_report,,,115,4rw_page.asp_id=992_5b3f9a7b.html
fourth_report,,,14,4rw_page.asp_id=993_6000121c.html
fourth_report,,,60,4rw_page.asp_ID=994_7d1f33fe.html
fourth_report,,,510,4rw_page.asp_id=995_68662997.html
fourth_report,,,872,4rw_page.asp_p=1_id=996_0003365d.html
fourth_report,,,1341,4rw_page.asp_id=997_2795ce87.html
fourth_report,,,767,4rw_page.asp_p=1_id=998_112f0a82.html
fourth_report,,,245,4rw_page.asp_p=1_id=999_94088dd6.html
fourth_report,,,33,4rw_page.asp_id=1000_fdcd7b5d.html
fourth_report,,,62,4rw_page.asp_id=1001_d73cad74.html
fourth_report,,,624,4rw_page.asp_p=1_id=1002_48c4451e.html
fourth_report,,,478,4rw_page.asp_p=1_id=1003_883ba57a.html
fourth_report,,,1271,4rw_page.asp_p=1_id=1004_9b769944.html
fourth_report,,,1095,4rw_page.asp_id=1005_bd0aa38c.html
fourth_report,,,671,4rw_page.asp_p=1_id=1006_ff7bc9d7.html
fourth_report,,,343,4rw_page.asp_id=1007_08abc356.html
fourth_report,,,226,4rw_page.asp_p=1_id=1008_77f14239.html
fourth_report,,,19,4rw_page.asp_p=1_id=1009_9870da08.html
fourth_report,,,132,4rw_page.asp_p=1_id=1010_59bf6180.html
fourth_report,,,1940,4rw_page.asp_p=1_id=1011_26b30318.html
fourth_report,,,939,4rw_page.asp_id=1012_2bdbcc85.html
fourth_report,,,1821,4rw_page.asp_id=1013_36ac921b.html
fourth_report,,,2908,4rw_page.asp_p=1_id=1014_c6055e30.html
fourth_report,,,106,4rw_page.asp_id=1015_ef83222c.html
fourth_report,,,898,4rw_page.asp_id=1016_8e9d5d6b.html
fourth_report,,,85,4rw_page.asp_p=1_id=1017_36c42101.html
fourth_report,,,35,4rw_page.asp_id=1018_a1526882.html
fourth_report,,,459,4rw_page.asp_p=1_id=1019_66601748.html
fourth_report,,,956,4rw_page.asp_id=1020_d17b44e8.html
fourth_report,,,575,4rw_page.asp_p=1_id=1021_7626eba8.html
fourth_report,,,1777,4rw_page.asp_id=1022_3d0a23d6.html
fourth_report,,,316,4rw_page.asp_p=1_id=1023_60adecee.html
fourth_report,,,1536,4rw_page.asp_id=1024_0adb7815.html
fourth_report,,,728,4rw_page.asp_p=1_id=1025_7f95ebe4.html
fourth_report,,,90,4rw_page.asp_p=1_id=1026_6f6f6df9.html
fourth_report,,,23,4rw_page.asp_p=1_id=1027_2fff4bd2.html
fourth_report,,,87,4rw_page.asp_ID=1028_3ee8c9c4.html
fourth_report,,,269,4rw_page.asp_p=1_id=1029_897a6812.html
fourth_report,,,1268,4rw_page.asp_p=1_id=1030_cb1e8977.html
fourth_report,,,4226,4rw_page.asp_id=1031_0701d16e.html
fourth_report,,,1917,4rw_page.asp_p=1_id=1032_59fb3c01.html
fourth_report,,,1741,4rw_page.asp_p=1_id=1033_f4c3fefe.html
fourth_report,,,1866,4rw_page.asp_id=1034_63fd1a68.html
fourth_report,,,344,4rw_page.asp_p=1_id=1035_1bfcdf2c.html
fourth_report,,,46,4rw_page.asp_id=1036_e8010049.html
fourth_report,,,1065,4rw_page.asp_id=1037_faa12d96.html
fourth_report,,,479,4rw_page.asp_id=1038_de8b473f.html
fourth_report,,,768,4rw_page.asp_id=1039_db6b47f7.html
fourth_report,,,392,4rw_page.asp_p=1_id=1040_c72bed19.html
fourth_report,,,3020,4rw_page.asp_p=1_id=1041_8068abe8.html
fourth_report,,,728,4rw_page.asp_ID=1042_d3d2ce2f.html
fourth_report,,,27,4rw_page.asp_p=1_id=1043_894c68c9.html
fourth_report,,,652,4rw_page.asp_ID=1044_e1ddd69c.html
fourth_report,,,509,4rw_page.asp_id=1045_d259671c.html
fourth_report,,,1886,4rw_page.asp_id=1046_78e0ed97.html
fourth_report,,,11518,4rw_page.asp_id=1047_b1505914.html
fourth_report,,,1646,4rw_page.asp_p=1_id=1048_4528e345.html
fourth_report,,,6,4rw_page.asp_p=1_id=1049_f8b08b12.html
fourth_report,,,144,4rw_page.asp_p=1_id=1050_35d6cf2a.html
fourth_report,,,362,4rw_page.asp_p=1_id=1051_4c83f6a5.html
fourth_report,,,621,4rw_page.asp_p=1_id=1052_cce16c83.html
fourth_report,,,2014,4rw_page.asp_id=1053_e3dd68d0.html
fourth_report,,,626,4rw_page.asp_p=1_id=1054_1a029cd4.html
fourth_report,,,332,4rw_page.asp_p=1_id=1055_f9120360.html
fourth_report,,,589,4rw_page.asp_id=1056_50bde4ef.html
fourth_report,,,215,4rw_page.asp_id=1057_e7385847.html
fourth_report,,,4,4rw_page.asp_p=1_id=1058_f716b0ea.html
fourth_report,,,128,4rw_page.asp_id=1059_35a81a22.html
fourth_report,,,2211,4rw_page.asp_id=1060_01ab915a.html
fourth_report,,,2564,4rw_page.asp_p=1_id=1061_27434b66.html
fourth_report,,,135,4rw_page.asp_p=1_id=1062_7b97b172.html
fourth_report,,,693,4rw_page.asp_p=1_id=1063_c587d7de.html
fourth_report,,,1745,4rw_page.asp_id=1064_3bf9f9a9.html
fourth_report,,,1919,4rw_page.asp_p=1_id=1065_ffdad1c6.html
fourth_report,,,467,4rw_page.asp_id=1066_851ce368.html
fourth_report,,,1129,4rw_page.asp_p=1_id=1067_1fa10269.html
fourth_report,,,981,4rw_page.asp_p=1_id=1068_19286f5f.html
fourth_report,,,8334,4rw_page.asp_id=1069_4897e885.html
fourth_report,,,1658,4rw_page.asp_id=1070_3b2671d7.html
fourth_report,,,463,4rw_page.asp_p=1_id=1071_87c595f6.html
fourth_report,,,4603,4rw_page.asp_id=1072_dbdd7b02.html
fourth_report,,,2935,4rw_page.asp_id=1073_732b4f4b.html
fourth_report,,,1440,4rw_page.asp_id=1074_f7ba3ba3.html
fourth_report,,,2371,4rw_page.asp_p=1_id=1075_63237e48.html
fourth_report,,,2114,4rw_page.asp_id=1076_7c7750b5.html
fourth_report,,,775,4rw_page.asp_p=1_id=1077_23fda84b.html
fourth_report,,,85,4rw_page.asp_p=1_id=1078_354843b6.html
fourth_report,,,13,4rw_page.asp_p=1_id=1079_143ccf36.html
fourth_report,,,203,4rw_page.asp_p=1_id=1080_d550676b.html
fourth_report,,,23,4rw_page.asp_p=1_id=1081_2b75815a.html
fourth_report,,,10,4rw_page.asp_p=1_id=1082_d0d192aa.html
fourth_report,,,1339,4rw_page.asp_id=1083_3bdf8b56.html
fourth_report,,,131,4rw_page.asp_p=1_id=1084_478c07aa.html
fourth_report,,FOREWORD,3,4r_page.asp_id=3069_ef938b49.html
fourth_report,,FOREWORD,730,4r_page.asp_ID=3070_fa75c94d.html
fourth_report,,SUMMARY,36,4r_page.asp_p=1_id=3071_1610ae2e.html
fourth_report,,Introduction,295,4r_page.asp_p=1_id=3072_4516a8d6.html
fourth_report,,The Legislative Framework,846,4r_page.asp_p=1_id=3073_fa8892a6.html
fourth_report,,Pethidine and Diamorphine,297,4r_page.asp_p=1_id=3074_e7066c09.html
fourth_report,,Shipman's Use of Pethidine in the 1970s,1115,4r_page.asp_p=1_id=3075_ebac26e8.html
fourth_report,,Shipman's Methods of Obtaining Diamorphine while Working in Hyde,906,4r_page.asp_id=3076_eb3161a7.html
fourth_report,,Shipman's Abnormal Prescribing of Diamorphine in 1993,1372,4r_page.asp_p=1_id=3077_3526796c.html
fourth_report,,Other Types of Misconduct Connected with Controlled Drugs,286,4r_page.asp_p=1_id=3078_13663677.html
fourth_report,,Systemic Shortcomings,1516,4r_page.asp_p=1_id=3079_01527397.html
fourth_report,,Conclusion,442,4r_page.asp_id=3080_440c4321.html
fourth_report,,RECOMMENDATIONS,23,4r_page.asp_id=3081_8dcdd39b.html
fourth_report,,RECOMMENDATIONS,51,4r_page.asp_ID=3082_0d7e0e14.html
fourth_report,,Inspection Arrangements,200,4r_page.asp_id=3083_5c3563bb.html
fourth_report,,Prescribing Rights of Medical Practitioners,465,4r_page.asp_id=3084_bac2211c.html
fourth_report,,Prescriptions,427,4r_page.asp_id=3085_1f33416e.html
fourth_report,,Safe Custody and Record Keeping for General Practitioners,366,4r_page.asp_id=3086_e1539a6b.html
fourth_report,,Controlled Drugs in the Pharmacy,562,4r_page.asp_id=3087_744b1588.html
fourth_report,,Controlled Drugs in the Community,314,4r_page.asp_p=1_id=3088_0b77c58b.html
fourth_report,,CHAPTER ONE - Introduction,15,4r_page.asp_id=3089_fa38464f.html
fourth_report,CHAPTER ONE - Introduction,Controlled Drugs,396,4r_page.asp_p=1_id=3091_a11f36a3.html
fourth_report,CHAPTER ONE - Introduction,Pethidine and Diamorphine,825,4r_page.asp_id=3092_32a926ac.html
fourth_report,CHAPTER ONE - Introduction,The Inquiry's Approach,1583,4r_page.asp_id=3094_32fcde3f.html
fourth_report,"CHAPTER TWO - The Conduct of Phase Two, Stage Three of the Inquiry",Striking the Balance,375,4r_page.asp_id=3095_c5099477.html
fourth_report,,"CHAPTER TWO - The Conduct of Phase Two, Stage Three of the Inquiry",17,4r_page.asp_id=3096_d55ba0a4.html
fourth_report,"CHAPTER TWO - The Conduct of Phase Two, Stage Three of the Inquiry",Introduction,183,4r_page.asp_ID=3097_58d2b9c1.html
fourth_report,"CHAPTER TWO - The Conduct of Phase Two, Stage Three of the Inquiry",The Collection of Evidence,2611,4r_page.asp_id=3098_991653d3.html
fourth_report,"CHAPTER TWO - The Conduct of Phase Two, Stage Three of the Inquiry",Before the Oral Hearings,372,4r_page.asp_id=3099_e3339aad.html
fourth_report,"CHAPTER TWO - The Conduct of Phase Two, Stage Three of the Inquiry",The Oral Hearings,199,4r_page.asp_p=1_id=3100_b5daf865.html
fourth_report,"CHAPTER TWO - The Conduct of Phase Two, Stage Three of the Inquiry",Submissions,50,4r_page.asp_id=3101_4e7d5616.html
fourth_report,"CHAPTER TWO - The Conduct of Phase Two, Stage Three of the Inquiry",The Inquiry's Consultations,80,4r_page.asp_p=1_id=3102_90fe9f08.html
fourth_report,"CHAPTER TWO - The Conduct of Phase Two, Stage Three of the Inquiry",The Seminars,250,4r_page.asp_p=1_id=3103_80b036d2.html
fourth_report,,CHAPTER THREE - A Brief History of the Regulation of Controlled Drugs,39,4r_page.asp_id=3104_1f9c4b3f.html
fourth_report,CHAPTER THREE - A Brief History of the Regulation of Controlled Drugs,The Origins of the Royal Pharmaceutical Society of Great Britain and the Passage of the Pharmacy Act 1868,300,4r_page.asp_p=1_id=3106_11e26577.html
fourth_report,CHAPTER THREE - A Brief History of the Regulation of Controlled Drugs,The Dangerous Drugs Act 1920,362,4r_page.asp_p=1_id=3107_5077b898.html
fourth_report,CHAPTER THREE - A Brief History of the Regulation of Controlled Drugs,The Dangerous Drugs Regulations 1921,512,4r_page.asp_id=3108_bc4bd043.html
fourth_report,CHAPTER THREE - A Brief History of the Regulation of Controlled Drugs,The Evolution of the Chemist Inspection Officer's Role,138,4r_page.asp_p=1_id=3111_f4867fc8.html
fourth_report,CHAPTER THREE - A Brief History of the Regulation of Controlled Drugs,Continuing Problems with Diversion,123,4r_page.asp_p=1_id=3112_d50ac030.html
fourth_report,CHAPTER THREE - A Brief History of the Regulation of Controlled Drugs,United Nations Conventions,311,4r_page.asp_id=3113_4bb7c2e7.html
fourth_report,CHAPTER THREE - A Brief History of the Regulation of Controlled Drugs,The Work of the Brain Committee,971,4r_page.asp_id=3114_35eb0741.html
fourth_report,CHAPTER THREE - A Brief History of the Regulation of Controlled Drugs,The Dangerous Drugs Legislation of 1967 and 1968,281,4r_page.asp_id=3115_d4ba9913.html
fourth_report,CHAPTER THREE - A Brief History of the Regulation of Controlled Drugs,The Legislation of 1971 and 1973,1310,4r_page.asp_id=3117_f9b52647.html
fourth_report,CHAPTER THREE - A Brief History of the Regulation of Controlled Drugs,Amendment of the Misuse of Drugs Regulations between 1973 and 2001,312,4r_page.asp_p=1_id=3118_28ba3be1.html
fourth_report,CHAPTER THREE - A Brief History of the Regulation of Controlled Drugs,The Duthie Report,160,4r_page.asp_id=3119_ae9777fa.html
fourth_report,CHAPTER THREE - A Brief History of the Regulation of Controlled Drugs,Inspection Arrangements,199,4r_page.asp_p=1_id=3120_32f920ee.html
fourth_report,"CHAPTER FOUR - The Authority of a Medical Practitioner to Prescribe, Possess, Supply and Administer Controlled Drugs",Ideas for Improvement,354,4r_page.asp_id=3121_16f426f5.html
fourth_report,,"CHAPTER FOUR - The Authority of a Medical Practitioner to Prescribe, Possess, Supply and Administer Controlled Drugs",17,4r_page.asp_id=3122_ba62c78a.html
fourth_report,"CHAPTER FOUR - The Authority of a Medical Practitioner to Prescribe, Possess, Supply and Administer Controlled Drugs",Guidance to General Practitioners on Good Practice in the Prescribing of Controlled Drugs,367,4r_page.asp_p=1_id=3124_a58a16ee.html
fourth_report,"CHAPTER FOUR - The Authority of a Medical Practitioner to Prescribe, Possess, Supply and Administer Controlled Drugs",Problems with Controlled Drugs,3581,4r_page.asp_id=3125_64415c32.html
fourth_report,"CHAPTER FOUR - The Authority of a Medical Practitioner to Prescribe, Possess, Supply and Administer Controlled Drugs",Powers to Restrict the Rights of a Practitioner in Respect of Controlled Drugs,2094,4r_page.asp_id=3126_0023d515.html
fourth_report,CHAPTER FIVE - Arrangements for Dealing with Controlled Drugs in General Practitioners' Surgeries,Conclusion,106,4r_page.asp_id=3127_9ec799d4.html
fourth_report,,CHAPTER FIVE - Arrangements for Dealing with Controlled Drugs in General Practitioners' Surgeries,11,4r_page.asp_p=1_id=3128_e221e119.html
fourth_report,CHAPTER FIVE - Arrangements for Dealing with Controlled Drugs in General Practitioners' Surgeries,Legislation,493,4r_page.asp_id=3130_d221111e.html
fourth_report,CHAPTER FIVE - Arrangements for Dealing with Controlled Drugs in General Practitioners' Surgeries,The Arrangements in the Practices where Shipman Worked,829,4r_page.asp_p=1_id=3131_b5365251.html
fourth_report,CHAPTER FIVE - Arrangements for Dealing with Controlled Drugs in General Practitioners' Surgeries,The Position Today,1323,4r_page.asp_id=3132_5db876ae.html
fourth_report,CHAPTER FIVE - Arrangements for Dealing with Controlled Drugs in General Practitioners' Surgeries,Dispensing Doctors,756,4r_page.asp_p=1_id=3133_a7b3f452.html
fourth_report,,CHAPTER SIX - Prescriptions and Requisitions,30,4r_page.asp_p=1_id=3135_90b2cd6c.html
fourth_report,CHAPTER SIX - Prescriptions and Requisitions,The Current Position,626,4r_page.asp_p=1_id=3137_5396a477.html
fourth_report,CHAPTER SIX - Prescriptions and Requisitions,Changes in General Practice,435,4r_page.asp_p=1_id=3138_9156525a.html
fourth_report,CHAPTER SIX - Prescriptions and Requisitions,The Advantages and Disadvantages of Handwritten Prescriptions for Controlled Drugs,1250,4r_page.asp_p=1_id=3139_90381b43.html
fourth_report,CHAPTER SIX - Prescriptions and Requisitions,The Monitoring of Controlled Drug Prescriptions Issued under the NHS,1067,4r_page.asp_p=1_id=3140_b55df0d6.html
fourth_report,CHAPTER SIX - Prescriptions and Requisitions,Private Prescriptions,644,4r_page.asp_id=3141_fcbe447c.html
fourth_report,CHAPTER SIX - Prescriptions and Requisitions,Requisitions or Signed Orders,333,4r_page.asp_p=1_id=3142_17b69c54.html
fourth_report,CHAPTER SEVEN - Pharmacists and Pharmacies,Conclusion,232,4r_page.asp_id=3143_7d206699.html
fourth_report,,CHAPTER SEVEN - Pharmacists and Pharmacies,13,4r_page.asp_id=3144_52bfcb47.html
fourth_report,CHAPTER SEVEN - Pharmacists and Pharmacies,The Royal Pharmaceutical Society of Great Britain,1995,4r_page.asp_ID=3146_d14cb79a.html
fourth_report,CHAPTER SEVEN - Pharmacists and Pharmacies,Dispensing Controlled Drugs in the Community Pharmacy,1866,4r_page.asp_p=1_id=3148_fe9f35b8.html
fourth_report,CHAPTER SEVEN - Pharmacists and Pharmacies,Retention of Records,113,4r_page.asp_id=3150_459ffde2.html
fourth_report,CHAPTER SEVEN - Pharmacists and Pharmacies,Conclusion,78,4r_page.asp_p=1_id=3152_ab6a0801.html
fourth_report,,CHAPTER EIGHT - Controlled Drugs in the Community,26,4r_page.asp_id=3153_d6a669ad.html
fourth_report,CHAPTER EIGHT - Controlled Drugs in the Community,The Administration of Controlled Drugs by District Nurses,944,4r_page.asp_p=1_id=3155_540186a7.html
fourth_report,CHAPTER EIGHT - Controlled Drugs in the Community,Shipman's Diversion of Diamorphine Prescribed for Use in Syringe Drivers,603,4r_page.asp_ID=3156_0c34fb48.html
fourth_report,CHAPTER EIGHT - Controlled Drugs in the Community,Attempts to Improve the System of Control in Tameside,1764,4r_page.asp_p=1_id=3157_68f12cfb.html
fourth_report,CHAPTER EIGHT - Controlled Drugs in the Community,Storage and Security,311,4r_page.asp_p=1_id=3158_9f11eb98.html
fourth_report,CHAPTER EIGHT - Controlled Drugs in the Community,Care Homes,725,4r_page.asp_id=3160_914b0be1.html
fourth_report,CHAPTER NINE - The Inspection and Monitoring of the Arrangements for Controlled Drugs,Conclusion,85,4r_page.asp_ID=3161_e920f5e2.html
fourth_report,,CHAPTER NINE - The Inspection and Monitoring of the Arrangements for Controlled Drugs,15,4r_page.asp_id=3162_c94c9677.html
fourth_report,CHAPTER NINE - The Inspection and Monitoring of the Arrangements for Controlled Drugs,The Legislation,273,4r_page.asp_ID=3164_1f9b34bc.html
fourth_report,CHAPTER NINE - The Inspection and Monitoring of the Arrangements for Controlled Drugs,Greater Manchester Police Inspections,1884,4r_page.asp_p=1_id=3167_02b9c44b.html
fourth_report,CHAPTER NINE - The Inspection and Monitoring of the Arrangements for Controlled Drugs,Royal Pharmaceutical Society of Great Britain Inspections,1706,4r_page.asp_id=3168_36506997.html
fourth_report,CHAPTER NINE - The Inspection and Monitoring of the Arrangements for Controlled Drugs,Inspection of General Practitioners' Surgeries by NHS Bodies,1776,4r_page.asp_id=3169_904ec023.html
fourth_report,CHAPTER NINE - The Inspection and Monitoring of the Arrangements for Controlled Drugs,Conclusion,294,4r_page.asp_p=1_id=3170_03457da7.html
fourth_report,,CHAPTER TEN - Shipman's Abuse of Controlled Drugs in Todmorden,36,4r_page.asp_id=3171_e81857a8.html
fourth_report,CHAPTER TEN - Shipman's Abuse of Controlled Drugs in Todmorden,Shipman Is Caught Out and Referred for Treatment,469,4r_page.asp_id=3173_19043a9b.html
fourth_report,CHAPTER TEN - Shipman's Abuse of Controlled Drugs in Todmorden,Shipman Is Interviewed about His Abuse,767,4r_page.asp_p=1_id=3174_c222e966.html
fourth_report,CHAPTER TEN - Shipman's Abuse of Controlled Drugs in Todmorden,Court Proceedings,400,4r_page.asp_p=1_id=3175_2515453b.html
fourth_report,CHAPTER TEN - Shipman's Abuse of Controlled Drugs in Todmorden,The Procedure under Section 12 of the Misuse of Drugs Act 1971,3038,4r_page.asp_p=1_id=3176_17dbd370.html
fourth_report,CHAPTER ELEVEN - Shipman's Use of Controlled Drugs in Hyde from 1977 to 1993,Conclusion,740,4r_page.asp_ID=3177_83888fee.html
fourth_report,,CHAPTER ELEVEN - Shipman's Use of Controlled Drugs in Hyde from 1977 to 1993,11,4r_page.asp_p=1_id=3178_9581fd6b.html
fourth_report,CHAPTER ELEVEN - Shipman's Use of Controlled Drugs in Hyde from 1977 to 1993,The Period Prior to October 1991,465,4r_page.asp_p=1_id=3180_3c3cd919.html
fourth_report,CHAPTER ELEVEN - Shipman's Use of Controlled Drugs in Hyde from 1977 to 1993,The Abnormal Pattern of Prescribing and Dispensing of Diamorphine in 1993,11646,4r_page.asp_id=3182_9d6bbff4.html
fourth_report,CHAPTER ELEVEN - Shipman's Use of Controlled Drugs in Hyde from 1977 to 1993,What Would Have Happened?,1649,4r_page.asp_p=1_id=3183_a731325b.html
fourth_report,,CHAPTER TWELVE - Shipman's Methods of Obtaining Diamorphine in the Years from 1993 to 1998,1,4r_page.asp_p=1_id=3184_3512aac4.html
fourth_report,CHAPTER TWELVE - Shipman's Methods of Obtaining Diamorphine in the Years from 1993 to 1998,Introduction,144,4r_page.asp_id=3185_34aad44e.html
fourth_report,CHAPTER TWELVE - Shipman's Methods of Obtaining Diamorphine in the Years from 1993 to 1998,1993,359,4r_page.asp_id=3186_5d3881db.html
fourth_report,CHAPTER TWELVE - Shipman's Methods of Obtaining Diamorphine in the Years from 1993 to 1998,1994,590,4r_page.asp_id=3187_0d17c20a.html
fourth_report,CHAPTER TWELVE - Shipman's Methods of Obtaining Diamorphine in the Years from 1993 to 1998,1995,1955,4r_page.asp_p=1_id=3188_654114cf.html
fourth_report,CHAPTER TWELVE - Shipman's Methods of Obtaining Diamorphine in the Years from 1993 to 1998,1996,582,4r_page.asp_id=3189_43fd737d.html
fourth_report,CHAPTER TWELVE - Shipman's Methods of Obtaining Diamorphine in the Years from 1993 to 1998,1997,298,4r_page.asp_id=3190_a7113471.html
fourth_report,CHAPTER TWELVE - Shipman's Methods of Obtaining Diamorphine in the Years from 1993 to 1998,1998,570,4r_page.asp_id=3191_0348eecb.html
fourth_report,CHAPTER THIRTEEN - Controlled Drugs Regulation in British Columbia and Northern Ireland,Conclusion,207,4r_page.asp_ID=3192_83c7a988.html
fourth_report,,CHAPTER THIRTEEN - Controlled Drugs Regulation in British Columbia and Northern Ireland,2,4r_page.asp_id=3193_0d10d58b.html
fourth_report,CHAPTER THIRTEEN - Controlled Drugs Regulation in British Columbia and Northern Ireland,British Columbia,2164,4r_page.asp_id=3195_e1383ddf.html
fourth_report,CHAPTER FOURTEEN - The Discussion Paper and the Seminars: Conclusions,Northern Ireland,2515,4r_page.asp_id=3196_0431f2d7.html
fourth_report,CHAPTER FOURTEEN - The Discussion Paper and the Seminars: Conclusions,Should There Be a Policy Shift towards Encouraging the Provision of Community Pharmacies in Rural Areas so as to Reduce the Need for Doctors to Provide Dispensing Services?,952,4r_page.asp_id=3203_eb7b93c6.html
fourth_report,CHAPTER FOURTEEN - The Discussion Paper and the Seminars: Conclusions,Should the Dispensing of Controlled Drugs Be Confined to Specialist Pharmacies?,457,4r_page.asp_p=1_id=3206_be7110ea.html
fifth_report,"CHAPTER TWO - The Conduct of Phase Two, Stage Four of the Inquiry",Terms of Reference,100,5r_page.asp_ch=02_pa=01_749aff7b.html
fifth_report,CHAPTER THREE - The Appointment of General Practitioners and the Administration of General Practice prior to 1980: Shipman's Appointment to the Donneybrook Practice,From 1974: the Structure and Functions of the Family Practitioner Committees,1709,5r_page.asp_ch=03_pa=19_aab8bd59.html
fifth_report,CHAPTER THREE - The Appointment of General Practitioners and the Administration of General Practice prior to 1980: Shipman's Appointment to the Donneybrook Practice,Shipman's Appointment to the Donneybrook Practice,2994,5r_page.asp_ch=03_pa=51_bc444a25.html
fifth_report,CHAPTER THREE - The Appointment of General Practitioners and the Administration of General Practice prior to 1980: Shipman's Appointment to the Donneybrook Practice,Introduction,329,5r_page.asp_ch=03_pa=01_a10d0897.html
fifth_report,CHAPTER FOUR - The Monitoring of General Practitioners from 1980 to 1998: the Arrangements for Monitoring in Tameside,From 1990 to 1998,3126,5r_page.asp_ch=04_pa=21_ce20b431.html
fifth_report,CHAPTER FOUR - The Monitoring of General Practitioners from 1980 to 1998: the Arrangements for Monitoring in Tameside,The Arrangements in Tameside,7986,5r_page.asp_ch=04_pa=66_ccea59a7.html
fifth_report,CHAPTER FOUR - The Monitoring of General Practitioners from 1980 to 1998: the Arrangements for Monitoring in Tameside,Introduction,151,5r_page.asp_ch=04_pa=01_dea5bf80.html
fifth_report,CHAPTER FIVE - Developments in the Arrangements for Monitoring General Practitioners since 1998,The Ability of Primary Care Trusts to Manage Their Lists,5681,5r_page.asp_ch=05_pa=50_6b43a227.html
fifth_report,CHAPTER FIVE - Developments in the Arrangements for Monitoring General Practitioners since 1998,Introduction,395,5r_page.asp_ch=05_pa=01_f8860e2c.html
fifth_report,CHAPTER FIVE - Developments in the Arrangements for Monitoring General Practitioners since 1998,The Primary Care Trusts,1595,5r_page.asp_ch=05_pa=23_c6c8330f.html
fifth_report,CHAPTER FIVE - Developments in the Arrangements for Monitoring General Practitioners since 1998,Maintaining Quality,3548,5r_page.asp_ch=05_pa=109_55c1516c.html
fifth_report,CHAPTER FIVE - Developments in the Arrangements for Monitoring General Practitioners since 1998,The 2004 General Medical Services Contract,1573,5r_page.asp_ch=05_pa=123_9709075a.html
fifth_report,CHAPTER SIX - Complaints and Discipline prior to April 1996,Introduction,101,5r_page.asp_ch=06_pa=01_f4e726dd.html
fifth_report,CHAPTER SEVEN - Complaints and Discipline after 1996,The 1996 Disciplinary Procedures,1687,5r_page.asp_ch=07_pa=36_927cc80f.html
fifth_report,CHAPTER SEVEN - Complaints and Discipline after 1996,Introduction,233,5r_page.asp_ch=07_pa=01_682f6f46.html
fifth_report,CHAPTER EIGHT - Raising Concerns about Shipman,Introduction,353,5r_page.asp_ch=08_pa=01_acdbcb41.html
fifth_report,CHAPTER NINE - Raising Concerns: the Role of the Practice Staff,The Staff of the Market Street Surgery,12468,5r_page.asp_ch=09_pa=63_c283e124.html
fifth_report,CHAPTER NINE - Raising Concerns: the Role of the Practice Staff,Introduction,200,5r_page.asp_ch=09_pa=01_2ef3abf3.html
fifth_report,CHAPTER TEN - Raising Concerns: the Death of Mrs Renate Overton Revisited,The Way Forward,1783,5r_page.asp_ch=9_pa=128_07b98cba.html
fifth_report,CHAPTER TEN - Raising Concerns: the Death of Mrs Renate Overton Revisited,Introduction,566,5r_page.asp_ch=10_pa=01_858b4254.html
fifth_report,CHAPTER ELEVEN - Raising Concerns: the Way Forward,The Public Interest Disclosure Act 1998,3219,5r_page.asp_ch=11_pa=35_e24ddad3.html
fifth_report,CHAPTER ELEVEN - Raising Concerns: the Way Forward,Introduction,2111,5r_page.asp_ch=11_pa=01_30796539.html
fifth_report,CHAPTER ELEVEN - Raising Concerns: the Way Forward,Concerns Felt by Others,1657,5r_page.asp_ch=11_pa=124_3cbb44ad.html
fifth_report,CHAPTER ELEVEN - Raising Concerns: the Way Forward,Raising Concerns in the Health Sector,5485,5r_page.asp_ch=11_pa=66_cb8089d3.html
fifth_report,CHAPTER ELEVEN - Raising Concerns: the Way Forward,Improving the Position for the Future,4457,5r_page.asp_ch=11_pa=117_28e28e9f.html
fifth_report,CHAPTER TWELVE - Clinical Governance,Introduction,735,5r_page.asp_ch=12_pa=01_e8a90757.html
fifth_report,CHAPTER THIRTEEN - Single-Handed Practitioners,Introduction,781,5r_page.asp_ch=13_pa=01_a7ebca16.html
fifth_report,CHAPTER FOURTEEN - The Monitoring of Mortality Rates among the Patients of General Practitioners,Introduction,210,5r_page.asp_ch=14_pa=01_f7fa5fdd.html
fifth_report,CHAPTER FOURTEEN - The Monitoring of Mortality Rates among the Patients of General Practitioners,The Work of Dr Paul Aylin and His Team,5607,5r_page.asp_ch=14_pa=34_e3849686.html
fifth_report,CHAPTER FIFTEEN - The General Medical Council,Introduction,903,5r_page.asp_ch=15_pa=01_999ae59e.html
fifth_report,CHAPTER SIXTEEN - The General Medical Council's Handling of Shipman's Case in 1976,The General Medical Council's Procedures in 1976,12907,5r_page.asp_ch=16_pa=06_dbbe705e.html
fifth_report,CHAPTER SIXTEEN - The General Medical Council's Handling of Shipman's Case in 1976,Introduction,570,5r_page.asp_ch=16_pa=01_47bba94e.html
fifth_report,CHAPTER SEVENTEEN - Serious Professional Misconduct and Seriously Deficient Performance: Problems of Definition,Introduction,364,5r_page.asp_ch=17_pa=01_37c41e3a.html
fifth_report,CHAPTER SEVENTEEN - Serious Professional Misconduct and Seriously Deficient Performance: Problems of Definition,Serious Professional Misconduct,7149,5r_page.asp_ch=17_pa=28_f20c52a8.html
fifth_report,CHAPTER EIGHTEEN - The General Medical Council Conduct Procedures: Initial Stages Conducted by the Administrative Staff,Ascertaining the Identity of a Doctor Who Is the Subject of a Complaint,3440,5r_page.asp_ch=18_pa=217_76bffec8.html
fifth_report,CHAPTER EIGHTEEN - The General Medical Council Conduct Procedures: Initial Stages Conducted by the Administrative Staff,The Initial Processing of Conduct Cases under the 'Old' Procedures,3593,5r_page.asp_ch=18_pa=22_154e7e5f.html
fifth_report,CHAPTER EIGHTEEN - The General Medical Council Conduct Procedures: Initial Stages Conducted by the Administrative Staff,Advice to Refer a Complaint to Local Complaints Procedures,10679,5r_page.asp_ch=18_pa=104_f0a22ae9.html
fifth_report,CHAPTER EIGHTEEN - The General Medical Council Conduct Procedures: Initial Stages Conducted by the Administrative Staff,Some Problems with Cases Closed by General Medical Council Staff,3812,5r_page.asp_ch=18_pa=181_eb317ae5.html
fifth_report,CHAPTER EIGHTEEN - The General Medical Council Conduct Procedures: Initial Stages Conducted by the Administrative Staff,Audit,718,5r_page.asp_ch=18_pa=46_185c6e58.html
fifth_report,CHAPTER EIGHTEEN - The General Medical Council Conduct Procedures: Initial Stages Conducted by the Administrative Staff,Investigating the Circumstances of a Complaint,6874,5r_page.asp_ch=18_pa=111_189f3819.html
fifth_report,CHAPTER EIGHTEEN - The General Medical Council Conduct Procedures: Initial Stages Conducted by the Administrative Staff,Introduction,762,5r_page.asp_ch=18_pa=01_22f93be1.html
fifth_report,CHAPTER NINETEEN - The General Medical Council's Conduct Procedures: Screening,Some Problems with the Screening Process,5198,5r_page.asp_ch=19_pa=185_b792f3ab.html
fifth_report,CHAPTER NINETEEN - The General Medical Council's Conduct Procedures: Screening,The Role of the Screener from the 1970s until 1996,5686,5r_page.asp_ch=19_pa=31_d06738a5.html
fifth_report,CHAPTER NINETEEN - The General Medical Council's Conduct Procedures: Screening,Developments in the Screening Process since 1998,13704,5r_page.asp_ch=19_pa=120_625ad2e7.html
fifth_report,CHAPTER NINETEEN - The General Medical Council's Conduct Procedures: Screening,Introduction,860,5r_page.asp_ch=19_pa=01_9461c7eb.html
fifth_report,CHAPTER NINETEEN - The General Medical Council's Conduct Procedures: Screening,The Inquiry's Examination of Cases,8422,5r_page.asp_ch=19_pa=250_1ef4cb03.html
fifth_report,CHAPTER NINETEEN - The General Medical Council's Conduct Procedures: Screening,Developments in the Screening Process from 1996 to 1997,5858,5r_page.asp_ch=19_pa=54_fcebb6c6.html
fifth_report,CHAPTER TWENTY - The General Medical Council Conduct Procedures: the Preliminary Proceedings Committee,Later Developments,2922,5r_page.asp_ch=20_pa=185_644a42a4.html
fifth_report,CHAPTER TWENTY - The General Medical Council Conduct Procedures: the Preliminary Proceedings Committee,The Case of Holmes,1953,5r_page.asp_ch=20_pa=165_bc9015dd.html
fifth_report,CHAPTER TWENTY - The General Medical Council Conduct Procedures: the Preliminary Proceedings Committee,The Functions and Powers of the Preliminary Proceedings Committee,572,5r_page.asp_ch=20_pa=21_2e078062.html
fifth_report,CHAPTER TWENTY - The General Medical Council Conduct Procedures: the Preliminary Proceedings Committee,The Composition of the Preliminary Proceedings Committee,1394,5r_page.asp_ch=20_pa=13_98039958.html
fifth_report,CHAPTER TWENTY - The General Medical Council Conduct Procedures: the Preliminary Proceedings Committee,Introduction,742,5r_page.asp_ch=20_pa=01_93bdf411.html
fifth_report,CHAPTER TWENTY - The General Medical Council Conduct Procedures: the Preliminary Proceedings Committee,The Approach Adopted by the Preliminary Proceedings Committee in Some Specific Types of Case,1640,5r_page.asp_ch=20_pa=61_06dbcf32.html
fifth_report,CHAPTER TWENTY - The General Medical Council Conduct Procedures: the Preliminary Proceedings Committee,The 2000 Policy Studies Institute Report,5187,5r_page.asp_ch=20_pa=94_d9eb8808.html
fifth_report,CHAPTER TWENTY ONE - The General Medical Council Conduct Procedures: the Professional Conduct Committee,The Procedure at a Hearing before the Professional Conduct Committee,18682,5r_page.asp_ch=21_pa=79_cf2e9c8a.html
fifth_report,CHAPTER TWENTY ONE - The General Medical Council Conduct Procedures: the Professional Conduct Committee,Recent Developments,2222,5r_page.asp_ch=21_pa=150_fd915625.html
fifth_report,CHAPTER TWENTY ONE - The General Medical Council Conduct Procedures: the Professional Conduct Committee,Introduction,398,5r_page.asp_ch=21_pa=01_77583219.html
fifth_report,CHAPTER TWENTY ONE - The General Medical Council Conduct Procedures: the Professional Conduct Committee,Appeals and Referrals,2931,5r_page.asp_ch=21_pa=187_c3e36384.html
fifth_report,CHAPTER TWENTY TWO - The General Medical Council's Health Procedures,Introduction,1662,5r_page.asp_ch=22_pa=01_95631520.html
fifth_report,CHAPTER TWENTY THREE - How the General Medical Council Deals with Cases of Drug Abuse,The General Medical Council's Approach to Cases of Drug Abuse,3628,5r_page.asp_ch=23_pa=38_7739b342.html
fifth_report,CHAPTER TWENTY THREE - How the General Medical Council Deals with Cases of Drug Abuse,Introduction,865,5r_page.asp_ch=23_pa=01_bf3f6fbd.html
fifth_report,CHAPTER TWENTY FOUR - The General Medical Council's Performance Procedures,The Process for Dealing with Complaints about Performance,12970,5r_page.asp_ch=24_pa=36_09399ea2.html
fifth_report,CHAPTER TWENTY FIVE - The General Medical Council's New Fitness to Practise Procedures,The Future,2468,5r_page.asp_ch=24_pa=200_967fbead.html
fifth_report,CHAPTER TWENTY FOUR - The General Medical Council's Performance Procedures,Introduction,2390,5r_page.asp_ch=24_pa=01_e8953480.html
fifth_report,CHAPTER TWENTY FIVE - The General Medical Council's New Fitness to Practise Procedures,The Adjudication Stage,11772,5r_page.asp_ch=25_pa=310_cb031fa0.html
fifth_report,CHAPTER TWENTY FIVE - The General Medical Council's New Fitness to Practise Procedures,The Investigation Stage,21100,5r_page.asp_ch=25_pa=148_0191cf5d.html
fifth_report,CHAPTER TWENTY FIVE - The General Medical Council's New Fitness to Practise Procedures,The Tests to Be Applied,5211,5r_page.asp_ch=25_pa=63_c7252be6.html
fifth_report,CHAPTER TWENTY FIVE - The General Medical Council's New Fitness to Practise Procedures,The Operation of the New Procedures: a Summary,811,5r_page.asp_ch=25_pa=23_fcd4e50c.html
fifth_report,CHAPTER TWENTY FIVE - The General Medical Council's New Fitness to Practise Procedures,The Roles of the Investigation Committee and of the Case Examiners,5444,5r_page.asp_ch=25_pa=90_697362b4.html
fifth_report,CHAPTER TWENTY FIVE - The General Medical Council's New Fitness to Practise Procedures,The Separation of Functions within the Fitness to Practise Procedures,2910,5r_page.asp_ch=25_pa=29_ac795c29.html
fifth_report,CHAPTER TWENTY FIVE - The General Medical Council's New Fitness to Practise Procedures,Introduction,922,5r_page.asp_ch=25_pa=01_b1e82556.html
fifth_report,CHAPTER TWENTY SIX - Revalidation,Developments since Early 2004,3549,5r_page.asp_ch=26_pa=160_4a20886e.html
fifth_report,CHAPTER TWENTY SIX - Revalidation,A Change of Direction,11034,5r_page.asp_ch=26_pa=90_ffffa970.html
fifth_report,CHAPTER TWENTY SIX - Revalidation,The Revalidation Proposals at the Time of the Inquiry Hearings,8615,5r_page.asp_ch=26_pa=138_5bc23302.html
fifth_report,CHAPTER TWENTY SIX - Revalidation,Introduction,1048,5r_page.asp_ch=26_pa=01_8ae7855d.html
fifth_report,CHAPTER TWENTY SIX - Revalidation,Whither Revalidation?,1806,5r_page.asp_ch=26_pa=191_57ce7456.html
fifth_report,CHAPTER TWENTY SEVEN - Proposals for Change,Proposals for Change Affecting the General Medical Council,18605,5r_page.asp_ch=27_pa=211_fd179d84.html
fifth_report,CHAPTER TWENTY SEVEN - Proposals for Change,Proposals for Change Affecting NHS Arrangements for Primary Care,22708,5r_page.asp_ch=27_pa=141_ba21a8bd.html
fifth_report,CHAPTER TWENTY SEVEN - Proposals for Change,The Availability of Information about Doctors,7852,5r_page.asp_ch=27_pa=142_ffe8f7a0.html
fifth_report,CHAPTER TWENTY SEVEN - Proposals for Change,Introduction,652,5r_page.asp_ch=27_pa=01_60c310fd.html
fifth_report,APPENDIX B - Participants in the Inquiry Seminars: 19th-30th January 2004,"APPENDIX A - Participants in Phase Two, Stage Four of the Inquiry and Their Representatives",203,5r_page.asp_ch=101_pa=1_51ea1eb2.html
fifth_report,"APPENDIX A - Participants in Phase Two, Stage Four of the Inquiry and Their Representatives",APPENDIX B - Participants in the Inquiry Seminars: 19th-30th January 2004,569,5r_page.asp_ch=102_pa=1_2d4f2a6e.html
fifth_report,APPENDIX B - Participants in the Inquiry Seminars: 19th-30th January 2004,APPENDIX C - Respondents to the Inquiry's Stage Four Consultation Paper,1277,5r_page.asp_ch=103_pa=1_e579b1d3.html
fifth_report,APPENDIX C - Respondents to the Inquiry's Stage Four Consultation Paper,APPENDIX D - Appraisal Forms for General Practitioners Working in the NHS,35,5r_page.asp_ch=104_pa=1_3303d031.html
fifth_report,APPENDIX D - Appraisal Forms for General Practitioners Working in the NHS,APPENDIX E - 'Following Shipman: a pilot system for monitoring mortality rates in primary care' Reproduced with Permission from The Lancet,33,5r_page.asp_ch=105_pa=1_6e88e16e.html
fifth_report,APPENDIX E - 'Following Shipman: a pilot system for monitoring mortality rates in primary care' Reproduced with Permission from The Lancet,APPENDIX F - Participants in the Inquiry Seminars: 13th-14th October 2003,195,5r_page.asp_ch=106_pa=1_c3ed7dab.html
fifth_report,,,33,5r_page.asp_ch=107_pa=1_1ca8864f.html
fifth_report,CHAPTER ELEVEN - Raising Concerns: the Way Forward,Correction to paragraph 10.26,110,5r_page.asp_name=ch10err_c7f05296.html
fifth_report,,The Fifth Report,10,5r_page.asp_6b0387c0.html
fifth_report,,,83,5rw_page.asp_name=CH10ERRATA_0c8e8687.html
fifth_report,,,3,5rw_page.asp_30ac52e1.html
fifth_report,,The Fifth Report,4,5r_page.asp_p=1_id=4552_71a92940.html
fifth_report,,FOREWORD,3,5r_page.asp_ID=4553_abe45b71.html
fifth_report,,FOREWORD,965,5r_page.asp_id=4554_488be24e.html
fifth_report,,SUMMARY,80,5r_page.asp_id=4555_cf8aa83e.html
fifth_report,,Introduction,831,5r_page.asp_ID=4556_fe341381.html
fifth_report,,The Framework of General Practice,476,5r_page.asp_p=1_id=4557_08d51ced.html
fifth_report,,The Circumstances of Shipman's Appointment to the Donneybrook Practice in 1977,928,5r_page.asp_id=4558_5a128449.html
fifth_report,,Monitoring Systems during Shipman's Years in General Practice,1032,5r_page.asp_id=4559_7c1ee7e0.html
fifth_report,,Shipman in the 1980s and Early 1990s,1521,5r_page.asp_p=1_id=4560_bdaeecd4.html
fifth_report,,The Adequacy of Local Monitoring,502,5r_page.asp_id=4561_2b724bc8.html
fifth_report,,Developments since Shipman's Arrest in 1998,1242,5r_page.asp_p=1_id=4562_c966fc8c.html
fifth_report,,The Availability of Information about Doctors,1275,5r_page.asp_id=4563_720d724e.html
fifth_report,,Patient Complaints and the Disciplining of General Practitioners,3152,5r_page.asp_p=1_id=4564_97c2b176.html
fifth_report,,Raising Concerns,4071,5r_page.asp_id=4565_0ab6d1cc.html
fifth_report,,The General Medical Council's Handling of Shipman's Case in 1976,1411,5r_page.asp_p=1_id=4566_fdfa6bd3.html
fifth_report,,The General Medical Council's 'Old' Fitness to Practise Procedures,5107,5r_page.asp_id=4567_ea17babd.html
fifth_report,,The General Medical Council's New Fitness to Practise Procedures,1198,5r_page.asp_p=1_id=4568_4547453a.html
fifth_report,,Revalidation,1175,5r_page.asp_p=1_id=4569_41d7bb4c.html
fifth_report,,The Culture within the General Medical Council,2924,5r_page.asp_p=1_id=4570_a26b3b16.html
fifth_report,,Conclusions,374,5r_page.asp_p=1_id=4571_ddd2111d.html
fifth_report,,RECOMMENDATIONS,8,5r_page.asp_id=4572_5d6b46e9.html
fifth_report,,RECOMMENDATIONS,56,5r_page.asp_ID=4573_7c86e0d2.html
fifth_report,,Handling Complaints and Concerns,1533,5r_page.asp_p=1_id=4574_437d0fab.html
fifth_report,,Disciplinary Procedures,55,5r_page.asp_p=1_id=4575_1c8d2c91.html
fifth_report,,The Use of Prescribing Information as a Clinical Governance Tool,126,5r_page.asp_id=4576_34afe556.html
fifth_report,,The Use of Mortality Data as a Clinical Governance Tool,119,5r_page.asp_id=4577_28f254b8.html
fifth_report,,Appraisal in the Context of Clinical Governance,151,5r_page.asp_p=1_id=4578_e8f46706.html
fifth_report,,The Use by Primary Care Trusts of Their List Management Powers,60,5r_page.asp_id=4579_a4692b0c.html
fifth_report,,Practice Accreditation Schemes,39,5r_page.asp_p=1_id=4580_5752d698.html
fifth_report,,Support for Single-Handed and Small Practices,67,5r_page.asp_p=1_id=4581_d6d01c7a.html
fifth_report,,The Recruitment and Appointment of General Practitioners,196,5r_page.asp_p=1_id=4582_e083a05a.html
fifth_report,,General Practitioners' Personal Files,80,5r_page.asp_id=4583_b8d36eb6.html
fifth_report,,The Raising of Concerns,349,5r_page.asp_id=4584_785546e7.html
fifth_report,,The Availability of Information about Doctors,636,5r_page.asp_p=1_id=4585_141d937c.html
fifth_report,CHAPTER ONE - Introduction,The General Medical Council,3128,5r_page.asp_ID=4586_485cfc98.html
fifth_report,CHAPTER ONE - Introduction,Introduction,3917,5r_page.asp_p=1_id=4588_e784c49e.html
fifth_report,,"CHAPTER TWO - The Conduct of Phase Two, Stage Four of the Inquiry",34,5r_page.asp_id=4589_fab0f66f.html
fifth_report,"CHAPTER TWO - The Conduct of Phase Two, Stage Four of the Inquiry",The Subject Matter,168,5r_page.asp_p=1_id=4591_369a8bcc.html
fifth_report,"CHAPTER TWO - The Conduct of Phase Two, Stage Four of the Inquiry",The Approach of the Inquiry,157,5r_page.asp_p=1_id=4592_6a25952e.html
fifth_report,"CHAPTER TWO - The Conduct of Phase Two, Stage Four of the Inquiry",Evidence,8256,5r_page.asp_p=1_id=4593_9b706b13.html
fifth_report,"CHAPTER TWO - The Conduct of Phase Two, Stage Four of the Inquiry",The Inquiry's Own Consultations,540,5r_page.asp_id=4594_536474b9.html
fifth_report,"CHAPTER TWO - The Conduct of Phase Two, Stage Four of the Inquiry",Before the Oral Hearings,457,5r_page.asp_p=1_id=4595_0c6af252.html
fifth_report,"CHAPTER TWO - The Conduct of Phase Two, Stage Four of the Inquiry",The Oral Hearings,322,5r_page.asp_id=4596_f8e4973d.html
fifth_report,"CHAPTER TWO - The Conduct of Phase Two, Stage Four of the Inquiry",The Seminars,237,5r_page.asp_p=1_id=4597_3fdeb7c3.html
fifth_report,"CHAPTER TWO - The Conduct of Phase Two, Stage Four of the Inquiry",The Structure of This Report,535,5r_page.asp_p=1_id=4598_4af77ef7.html
fifth_report,CHAPTER THREE - The Appointment of General Practitioners and the Administration of General Practice prior to 1980: Shipman's Appointment to the Donneybrook Practice,The Effect of the Evidence,156,5r_page.asp_id=4599_21863cf3.html
fifth_report,,CHAPTER THREE - The Appointment of General Practitioners and the Administration of General Practice prior to 1980: Shipman's Appointment to the Donneybrook Practice,17,5r_page.asp_id=4600_a8ef79d3.html
fifth_report,CHAPTER THREE - The Appointment of General Practitioners and the Administration of General Practice prior to 1980: Shipman's Appointment to the Donneybrook Practice,The Wider Professional Regulatory Framework,594,5r_page.asp_id=4602_1942636c.html
fifth_report,CHAPTER THREE - The Appointment of General Practitioners and the Administration of General Practice prior to 1980: Shipman's Appointment to the Donneybrook Practice,Before 1974,381,5r_page.asp_p=1_id=4603_a775178f.html
fifth_report,CHAPTER THREE - The Appointment of General Practitioners and the Administration of General Practice prior to 1980: Shipman's Appointment to the Donneybrook Practice,The Regional Medical Service,462,5r_page.asp_id=4605_c5d17f28.html
fifth_report,CHAPTER FOUR - The Monitoring of General Practitioners from 1980 to 1998: the Arrangements for Monitoring in Tameside,Conclusions,1613,5r_page.asp_id=4607_af454540.html
fifth_report,CHAPTER FOUR - The Monitoring of General Practitioners from 1980 to 1998: the Arrangements for Monitoring in Tameside,From 1980 to 1990,1494,5r_page.asp_p=1_id=4610_2667a678.html
fifth_report,CHAPTER FOUR - The Monitoring of General Practitioners from 1980 to 1998: the Arrangements for Monitoring in Tameside,The Arrangements Elsewhere,412,5r_page.asp_p=1_id=4613_a50d968e.html
fifth_report,CHAPTER FIVE - Developments in the Arrangements for Monitoring General Practitioners since 1998,Conclusions,1179,5r_page.asp_ID=4614_041095d0.html
fifth_report,,CHAPTER FIVE - Developments in the Arrangements for Monitoring General Practitioners since 1998,1,5r_page.asp_p=1_id=4615_5aab76f7.html
fifth_report,CHAPTER FIVE - Developments in the Arrangements for Monitoring General Practitioners since 1998,The Devolution of Power to the Primary Care Trusts,379,5r_page.asp_id=4617_d98488db.html
fifth_report,CHAPTER FIVE - Developments in the Arrangements for Monitoring General Practitioners since 1998,Quality,700,5r_page.asp_id=4618_20a7bfd9.html
fifth_report,CHAPTER FIVE - Developments in the Arrangements for Monitoring General Practitioners since 1998,Changes in the Arrangements for General Practice,309,5r_page.asp_id=4619_f4a872dd.html
fifth_report,CHAPTER FIVE - Developments in the Arrangements for Monitoring General Practitioners since 1998,Dealing with Poor Performance,3630,5r_page.asp_id=4622_28d004c0.html
fifth_report,CHAPTER SIX - Complaints and Discipline prior to April 1996,Conclusions,460,5r_page.asp_id=4625_f01c43cf.html
fifth_report,,CHAPTER SIX - Complaints and Discipline prior to April 1996,21,5r_page.asp_p=1_id=4626_8c296dcb.html
fifth_report,CHAPTER SIX - Complaints and Discipline prior to April 1996,General Practitioners' Terms of Service,577,5r_page.asp_id=4628_29fb2bc3.html
fifth_report,CHAPTER SIX - Complaints and Discipline prior to April 1996,The Framework of the Complaints and Disciplinary System,3079,5r_page.asp_p=1_id=4629_0fd4fed5.html
fifth_report,CHAPTER SIX - Complaints and Discipline prior to April 1996,Complaints Made against Shipman: 1985 to 1993,9458,5r_page.asp_id=4630_499d2fff.html
fifth_report,CHAPTER SEVEN - Complaints and Discipline after 1996,Recognition of the Need for Change,272,5r_page.asp_ID=4631_e15e14d3.html
fifth_report,,CHAPTER SEVEN - Complaints and Discipline after 1996,13,5r_page.asp_p=1_id=4632_fdb41506.html
fifth_report,CHAPTER SEVEN - Complaints and Discipline after 1996,The 1996 Complaints Procedures,2744,5r_page.asp_p=1_id=4634_4043dd0a.html
fifth_report,CHAPTER SEVEN - Complaints and Discipline after 1996,Reactions to the 1996 Complaints Procedures,1853,5r_page.asp_id=4635_625eef07.html
fifth_report,CHAPTER SEVEN - Complaints and Discipline after 1996,Research into the Operation of the 1996 Complaints Procedures,1894,5r_page.asp_ID=4637_01004e0e.html
fifth_report,CHAPTER SEVEN - Complaints and Discipline after 1996,Commitment to Reform: Consultation,4599,5r_page.asp_p=1_id=4638_479fb67b.html
fifth_report,CHAPTER SEVEN - Complaints and Discipline after 1996,Disciplinary Procedures after April 2004,761,5r_page.asp_id=4639_b3f8945e.html
fifth_report,CHAPTER SEVEN - Complaints and Discipline after 1996,Conclusions,295,5r_page.asp_p=1_id=4640_6040465d.html
fifth_report,,CHAPTER EIGHT - Raising Concerns about Shipman,44,5r_page.asp_p=1_id=4641_7935f112.html
fifth_report,CHAPTER EIGHT - Raising Concerns about Shipman,The Doctors at the Donneybrook Practice,1444,5r_page.asp_id=4643_8734fde2.html
fifth_report,CHAPTER EIGHT - Raising Concerns about Shipman,The Concerns of Mrs Christine Simpson,6637,5r_page.asp_p=1_id=4644_8cd94511.html
fifth_report,CHAPTER EIGHT - Raising Concerns about Shipman,The Concerns of Mr John Shaw,1187,5r_page.asp_p=1_id=4645_b70e5208.html
fifth_report,CHAPTER EIGHT - Raising Concerns about Shipman,The Concerns of Mrs Dorothy Foley and Mrs Elizabeth Shawcross,1273,5r_page.asp_p=1_id=4646_c81d3f1f.html
fifth_report,CHAPTER EIGHT - Raising Concerns about Shipman,The Concerns of Mrs Shirley Harrison,732,5r_page.asp_id=4647_130a8711.html
fifth_report,CHAPTER EIGHT - Raising Concerns about Shipman,The Concerns of Mr David and Mrs Deborah Bambroffe,500,5r_page.asp_id=4648_683eb77a.html
fifth_report,CHAPTER EIGHT - Raising Concerns about Shipman,The Concerns of Dr Linda Reynolds,131,5r_page.asp_p=1_id=4649_010b9008.html
fifth_report,CHAPTER EIGHT - Raising Concerns about Shipman,The Concerns of Bereaved Families and Friends,192,5r_page.asp_id=4650_01928943.html
fifth_report,CHAPTER EIGHT - Raising Concerns about Shipman,Conclusions,200,5r_page.asp_p=1_id=4651_6339c4a2.html
fifth_report,CHAPTER NINE - Raising Concerns: the Role of the Practice Staff,Conclusions,2313,5r_page.asp_id=4655_7452f0c4.html
fifth_report,CHAPTER NINE - Raising Concerns: the Role of the Practice Staff,The Raising of Concerns by Practice Staff,3070,5r_page.asp_id=4656_f2d6d1bd.html
fifth_report,,CHAPTER TEN - Raising Concerns: the Death of Mrs Renate Overton Revisited,30,5r_page.asp_id=4658_24ab952b.html
fifth_report,CHAPTER TEN - Raising Concerns: the Death of Mrs Renate Overton Revisited,Was There a Duty to Report?,3910,5r_page.asp_p=1_id=4660_4919726c.html
fifth_report,CHAPTER TEN - Raising Concerns: the Death of Mrs Renate Overton Revisited,Evidence of How the Duty to Report Actually Operated in the NHS in 1994,5519,5r_page.asp_id=4661_a082820e.html
fifth_report,CHAPTER TEN - Raising Concerns: the Death of Mrs Renate Overton Revisited,A Final Consideration of the Positions of Dr Brown and Dr Husaini,1721,5r_page.asp_p=1_id=4662_137d4031.html
fifth_report,CHAPTER TEN - Raising Concerns: the Death of Mrs Renate Overton Revisited,Causation,4731,5r_page.asp_p=1_id=4663_787f9596.html
fifth_report,CHAPTER ELEVEN - Raising Concerns: the Way Forward,Public Concern at Work,1169,5r_page.asp_id=4666_f5ca1216.html
fifth_report,CHAPTER ELEVEN - Raising Concerns: the Way Forward,Conclusions,236,5r_page.asp_p=1_id=4671_00be96a3.html
fifth_report,,CHAPTER TWELVE - Clinical Governance,14,5r_page.asp_p=1_id=4672_2645906d.html
fifth_report,CHAPTER TWELVE - Clinical Governance,Structures and Systems,335,5r_page.asp_id=4674_7ac14f38.html
fifth_report,CHAPTER TWELVE - Clinical Governance,The Implementation of Clinical Governance by Primary Care Trusts,14888,5r_page.asp_id=4675_e12d98fb.html
fifth_report,CHAPTER TWELVE - Clinical Governance,Monitoring of Clinical Governance Arrangements,1181,5r_page.asp_id=4676_f0fd0e33.html
fifth_report,CHAPTER TWELVE - Clinical Governance,Conclusions,1706,5r_page.asp_p=1_id=4677_815cfb34.html
fifth_report,,CHAPTER THIRTEEN - Single-Handed Practitioners,16,5r_page.asp_id=4678_0ba1433d.html
fifth_report,CHAPTER THIRTEEN - Single-Handed Practitioners,"Definitions, Statistics and Trends",1556,5r_page.asp_id=4680_107385d9.html
fifth_report,CHAPTER THIRTEEN - Single-Handed Practitioners,Shipman,1160,5r_page.asp_id=4681_c620ee2b.html
fifth_report,CHAPTER THIRTEEN - Single-Handed Practitioners,Government Policy,721,5r_page.asp_id=4682_9b8bd7a4.html
fifth_report,CHAPTER THIRTEEN - Single-Handed Practitioners,The Advantages and Disadvantages of Single-Handed Practice,3634,5r_page.asp_p=1_id=4683_5abf8322.html
fifth_report,CHAPTER THIRTEEN - Single-Handed Practitioners,Mitigating the Problems of Single-Handed Practice,1284,5r_page.asp_p=1_id=4684_98222422.html
fifth_report,CHAPTER THIRTEEN - Single-Handed Practitioners,Conclusions,780,5r_page.asp_p=1_id=4685_797be48d.html
fifth_report,,CHAPTER FOURTEEN - The Monitoring of Mortality Rates among the Patients of General Practitioners,47,5r_page.asp_p=1_id=4686_d9e6396d.html
fifth_report,CHAPTER FOURTEEN - The Monitoring of Mortality Rates among the Patients of General Practitioners,The Analysis of Mortality Data before Shipman's Arrest,912,5r_page.asp_id=4688_3d4bd44d.html
fifth_report,CHAPTER FOURTEEN - The Monitoring of Mortality Rates among the Patients of General Practitioners,The Analysis of Mortality Data after Shipman's Arrest,1296,5r_page.asp_p=1_id=4689_7d1af76c.html
fifth_report,CHAPTER FOURTEEN - The Monitoring of Mortality Rates among the Patients of General Practitioners,The Inquiry's Approach,812,5r_page.asp_id=4690_799c7db9.html
fifth_report,CHAPTER FOURTEEN - The Monitoring of Mortality Rates among the Patients of General Practitioners,The Possible Framework for a Monitoring System,1468,5r_page.asp_id=4692_5c0fbbad.html
fifth_report,CHAPTER FOURTEEN - The Monitoring of Mortality Rates among the Patients of General Practitioners,Recent Work on Analysing and Investigating Mortality Rates,2381,5r_page.asp_p=1_id=4693_5fd3ea2b.html
fifth_report,CHAPTER FOURTEEN - The Monitoring of Mortality Rates among the Patients of General Practitioners,Future Investigations,1279,5r_page.asp_p=1_id=4694_eea1dfff.html
fifth_report,CHAPTER FOURTEEN - The Monitoring of Mortality Rates among the Patients of General Practitioners,Potential Problems with Monitoring,3382,5r_page.asp_p=1_id=4695_01542575.html
fifth_report,CHAPTER FOURTEEN - The Monitoring of Mortality Rates among the Patients of General Practitioners,Other Possible Statistical Approaches,1028,5r_page.asp_p=1_id=4696_66ea9bdc.html
fifth_report,CHAPTER FOURTEEN - The Monitoring of Mortality Rates among the Patients of General Practitioners,The Concerns of the Profession,467,5r_page.asp_id=4697_1668d61a.html
fifth_report,CHAPTER FOURTEEN - The Monitoring of Mortality Rates among the Patients of General Practitioners,The Potential Advantages of a Monitoring System,1388,5r_page.asp_id=4698_1e431812.html
fifth_report,CHAPTER FOURTEEN - The Monitoring of Mortality Rates among the Patients of General Practitioners,Conclusions,898,5r_page.asp_p=1_id=4699_5856b7e0.html
fifth_report,,CHAPTER FIFTEEN - The General Medical Council,23,5r_page.asp_id=4700_d0e492ea.html
fifth_report,CHAPTER FIFTEEN - The General Medical Council,History,1328,5r_page.asp_id=4702_e5f8ee77.html
fifth_report,CHAPTER FIFTEEN - The General Medical Council,Various Functions,991,5r_page.asp_id=4703_ee56c53d.html
fifth_report,CHAPTER FIFTEEN - The General Medical Council,Present Structure,1603,5r_page.asp_id=4704_ab80284e.html
fifth_report,CHAPTER FIFTEEN - The General Medical Council,The 'Old' Fitness to Practise Procedures in Outline,1976,5r_page.asp_p=1_id=4705_d2bfface.html
fifth_report,CHAPTER FIFTEEN - The General Medical Council,Criticism of the General Medical Council and the Movement for Reform,2407,5r_page.asp_id=4706_52a8ac2c.html
fifth_report,CHAPTER FIFTEEN - The General Medical Council,Recognition of the Need for Change,1524,5r_page.asp_p=1_id=4707_2b5196d6.html
fifth_report,CHAPTER SIXTEEN - The General Medical Council's Handling of Shipman's Case in 1976,Conclusions,1085,5r_page.asp_id=4708_ff1eb9f7.html
fifth_report,,CHAPTER SIXTEEN - The General Medical Council's Handling of Shipman's Case in 1976,11,5r_page.asp_id=4709_4d111566.html
fifth_report,CHAPTER SIXTEEN - The General Medical Council's Handling of Shipman's Case in 1976,The Shipman Case,13443,5r_page.asp_id=4712_7c5a2436.html
fifth_report,CHAPTER SIXTEEN - The General Medical Council's Handling of Shipman's Case in 1976,Possible Criticisms of the General Medical Council's Handling of Shipman's Case,3879,5r_page.asp_id=4713_b320a0f5.html
fifth_report,CHAPTER SIXTEEN - The General Medical Council's Handling of Shipman's Case in 1976,Conclusions,1069,5r_page.asp_p=1_id=4714_82bc63a7.html
fifth_report,CHAPTER SEVENTEEN - Serious Professional Misconduct and Seriously Deficient Performance: Problems of Definition,Seriously Deficient Performance,1150,5r_page.asp_p=1_id=4718_d5a291dd.html
fifth_report,CHAPTER EIGHTEEN - The General Medical Council Conduct Procedures: Initial Stages Conducted by the Administrative Staff,Conclusions,587,5r_page.asp_id=4719_d540e290.html
fifth_report,,CHAPTER EIGHTEEN - The General Medical Council Conduct Procedures: Initial Stages Conducted by the Administrative Staff,10,5r_page.asp_p=1_id=4720_5dce08fa.html
fifth_report,CHAPTER EIGHTEEN - The General Medical Council Conduct Procedures: Initial Stages Conducted by the Administrative Staff,Sources of Reports about Doctors,835,5r_page.asp_id=4722_2c79c9b4.html
fifth_report,CHAPTER EIGHTEEN - The General Medical Council Conduct Procedures: Initial Stages Conducted by the Administrative Staff,The Procedure for Dealing with Convictions,424,5r_page.asp_id=4724_b4fca327.html
fifth_report,CHAPTER EIGHTEEN - The General Medical Council Conduct Procedures: Initial Stages Conducted by the Administrative Staff,Communications with Doctors' Employers and Primary Care Organisations,4935,5r_page.asp_id=4728_d4bfb9a8.html
fifth_report,CHAPTER NINETEEN - The General Medical Council's Conduct Procedures: Screening,Conclusions,1370,5r_page.asp_ID=4731_a88c54af.html
fifth_report,CHAPTER NINETEEN - The General Medical Council's Conduct Procedures: Screening,Conclusions,824,5r_page.asp_p=1_id=4739_d96d9603.html
fifth_report,,CHAPTER TWENTY - The General Medical Council Conduct Procedures: the Preliminary Proceedings Committee,29,5r_page.asp_id=4740_53c4e6ef.html
fifth_report,CHAPTER TWENTY - The General Medical Council Conduct Procedures: the Preliminary Proceedings Committee,The Possible Outcomes of the Consideration of a Case by the Preliminary Proceedings Committee,5683,5r_page.asp_p=1_id=4744_935394ee.html
fifth_report,CHAPTER TWENTY - The General Medical Council Conduct Procedures: the Preliminary Proceedings Committee,The Workload of the Preliminary Proceedings Committee in the 1990s,255,5r_page.asp_p=1_id=4746_7366ddc4.html
fifth_report,CHAPTER TWENTY - The General Medical Council Conduct Procedures: the Preliminary Proceedings Committee,The Differing Roles of the Preliminary Proceedings Committee and the Screeners: the Case of Toth,1010,5r_page.asp_p=1_id=4748_7ad31ac6.html
fifth_report,CHAPTER TWENTY - The General Medical Council Conduct Procedures: the Preliminary Proceedings Committee,The Case of Richards,5436,5r_page.asp_p=1_id=4749_128c9eb3.html
fifth_report,CHAPTER TWENTY - The General Medical Council Conduct Procedures: the Preliminary Proceedings Committee,The Workload of the Preliminary Proceedings Committee from 2000 to 2003,539,5r_page.asp_id=4750_c8a2a824.html
fifth_report,CHAPTER TWENTY - The General Medical Council Conduct Procedures: the Preliminary Proceedings Committee,Two More Cases of Judicial Review,565,5r_page.asp_p=1_id=4751_11084ce6.html
fifth_report,CHAPTER TWENTY - The General Medical Council Conduct Procedures: the Preliminary Proceedings Committee,The Cancellation by the Preliminary Proceedings Committee of Hearings before the Professional Conduct Committee,1295,5r_page.asp_id=4754_8a12e3ca.html
fifth_report,CHAPTER TWENTY - The General Medical Council Conduct Procedures: the Preliminary Proceedings Committee,The Inquiry's Examination of Cases,5628,5r_page.asp_p=1_id=4755_69b6cf77.html
fifth_report,CHAPTER TWENTY ONE - The General Medical Council Conduct Procedures: the Professional Conduct Committee,Conclusions,1380,5r_page.asp_id=4756_f2d842fe.html
fifth_report,,CHAPTER TWENTY ONE - The General Medical Council Conduct Procedures: the Professional Conduct Committee,15,5r_page.asp_p=1_id=4757_d55a8d89.html
fifth_report,CHAPTER TWENTY ONE - The General Medical Council Conduct Procedures: the Professional Conduct Committee,The Composition of the Professional Conduct Committee,654,5r_page.asp_id=4759_3ee1c1fb.html
fifth_report,CHAPTER TWENTY ONE - The General Medical Council Conduct Procedures: the Professional Conduct Committee,The Function and Powers of the Professional Conduct Committee,273,5r_page.asp_p=1_id=4760_5f8eb682.html
fifth_report,CHAPTER TWENTY ONE - The General Medical Council Conduct Procedures: the Professional Conduct Committee,The Work of the Policy Studies Institute,1253,5r_page.asp_id=4762_7e445d4b.html
fifth_report,CHAPTER TWENTY ONE - The General Medical Council Conduct Procedures: the Professional Conduct Committee,The Professional Conduct Committee Working Group,1093,5r_page.asp_id=4763_609d893d.html
fifth_report,CHAPTER TWENTY ONE - The General Medical Council Conduct Procedures: the Professional Conduct Committee,Restoration to the Medical Register,1622,5r_page.asp_p=1_id=4765_4a4a2a94.html
fifth_report,CHAPTER TWENTY TWO - The General Medical Council's Health Procedures,Discussion,2698,5r_page.asp_ID=4767_6ae2566d.html
fifth_report,,CHAPTER TWENTY TWO - The General Medical Council's Health Procedures,36,5r_page.asp_p=1_id=4768_a042f580.html
fifth_report,CHAPTER TWENTY TWO - The General Medical Council's Health Procedures,Local Procedures for Dealing with Concerns about Doctors' Health,344,5r_page.asp_id=4770_7a0c5ad9.html
fifth_report,CHAPTER TWENTY TWO - The General Medical Council's Health Procedures,Sources of Reports about a Doctor's Ill Health,430,5r_page.asp_id=4771_8a0cc923.html
fifth_report,CHAPTER TWENTY TWO - The General Medical Council's Health Procedures,The Initial Process for Dealing with Reports about Health,6949,5r_page.asp_id=4772_6e757e27.html
fifth_report,CHAPTER TWENTY TWO - The General Medical Council's Health Procedures,The Voluntary Health Procedures,6050,5r_page.asp_id=4773_04acd1c7.html
fifth_report,CHAPTER TWENTY TWO - The General Medical Council's Health Procedures,The Health Committee,3592,5r_page.asp_id=4774_6223a8b9.html
fifth_report,CHAPTER TWENTY TWO - The General Medical Council's Health Procedures,The Operation of the Health Procedures,1266,5r_page.asp_p=1_id=4775_434199e9.html
fifth_report,CHAPTER TWENTY TWO - The General Medical Council's Health Procedures,The Inquiry's Examination of Cases,6280,5r_page.asp_id=4776_eec33c3b.html
fifth_report,CHAPTER TWENTY TWO - The General Medical Council's Health Procedures,The Future of the Health Procedures,368,5r_page.asp_p=1_id=4777_90e9ef8c.html
fifth_report,CHAPTER TWENTY TWO - The General Medical Council's Health Procedures,Conclusions,1520,5r_page.asp_p=1_id=4778_7b00b6ce.html
fifth_report,,CHAPTER TWENTY THREE - How the General Medical Council Deals with Cases of Drug Abuse,10,5r_page.asp_p=1_id=4779_f9205627.html
fifth_report,CHAPTER TWENTY THREE - How the General Medical Council Deals with Cases of Drug Abuse,Two Cases Considered by the Preliminary Proceedings Committee in November 2002,4547,5r_page.asp_p=1_id=4781_3ce19440.html
fifth_report,CHAPTER TWENTY THREE - How the General Medical Council Deals with Cases of Drug Abuse,What Should the General Medical Council's Approach Be in Drug Abuse Cases?,863,5r_page.asp_id=4783_091957a4.html
fifth_report,CHAPTER TWENTY THREE - How the General Medical Council Deals with Cases of Drug Abuse,Conclusions,872,5r_page.asp_p=1_id=4784_2c095066.html
fifth_report,,CHAPTER TWENTY FOUR - The General Medical Council's Performance Procedures,14,5r_page.asp_p=1_id=4785_fe6a695c.html
fifth_report,CHAPTER TWENTY FOUR - The General Medical Council's Performance Procedures,The Legislative Framework,500,5r_page.asp_p=1_id=4787_bbbac44f.html
fifth_report,CHAPTER TWENTY FOUR - The General Medical Council's Performance Procedures,The Operation of the Performance Procedures,2118,5r_page.asp_id=4789_ee35f79d.html
fifth_report,CHAPTER TWENTY FOUR - The General Medical Council's Performance Procedures,Judicial Decisions on the Performance Procedures,3730,5r_page.asp_p=1_id=4790_15fb7d53.html
fifth_report,CHAPTER TWENTY FOUR - The General Medical Council's Performance Procedures,The Inquiry's Examination of Cases,5765,5r_page.asp_id=4791_e09bc3a7.html
fifth_report,CHAPTER TWENTY FOUR - The General Medical Council's Performance Procedures,The Performance Procedures Review Group,2313,5r_page.asp_id=4792_895257de.html
fifth_report,CHAPTER TWENTY FIVE - The General Medical Council's New Fitness to Practise Procedures,Preparations for Change,1452,5r_page.asp_id=4796_29a8f566.html
fifth_report,CHAPTER TWENTY FIVE - The General Medical Council's New Fitness to Practise Procedures,Interim Orders,155,5r_page.asp_id=4802_d4ceddd2.html
fifth_report,CHAPTER TWENTY SIX - Revalidation,Conclusions,1637,5r_page.asp_id=4804_7d19d897.html
fifth_report,,CHAPTER TWENTY SIX - Revalidation,2,5r_page.asp_p=1_id=4805_8dc2ac7f.html
fifth_report,CHAPTER TWENTY SIX - Revalidation,The Development of the General Medical Council's Proposals for Revalidation up to the End of 2002,8423,5r_page.asp_id=4807_fe395b85.html
fifth_report,CHAPTER TWENTY SIX - Revalidation,An Important Concern,1730,5r_page.asp_id=4811_c7005e08.html
fifth_report,CHAPTER TWENTY SIX - Revalidation,Could Revalidation Catch 'Another Shipman'?,765,5r_page.asp_p=1_id=4813_5d3ed31a.html
fifth_report,CHAPTER TWENTY SEVEN - Proposals for Change,Conclusions,632,5r_page.asp_ID=4814_e759f141.html
fifth_report,CHAPTER TWENTY SEVEN - Proposals for Change,Conclusions,531,5r_page.asp_p=1_id=4820_77bbb165.html
fifth_report,APPENDIX F - Participants in the Inquiry Seminars: 13th-14th October 2003,APPENDIX G - 'Good Medical Practice' A General Medical Council Booklet,12,5r_page.asp_id=4828_57848c97.html
fifth_report,,,303,5rw_page.asp_id=5742_ff2502a7.html
fifth_report,,,2,5rw_page.asp_ID=5743_fb5820a0.html
fifth_report,,,953,5rw_page.asp_p=1_id=5744_82f7f084.html
fifth_report,,,93,5rw_page.asp_id=5745_1fac486e.html
fifth_report,,,817,5rw_page.asp_ID=5746_1036e10a.html
fifth_report,,,500,5rw_page.asp_p=1_id=5747_6b6977f6.html
fifth_report,,,890,5rw_page.asp_id=5748_ccd75f77.html
fifth_report,,,1074,5rw_page.asp_id=5749_42cd9fa7.html
fifth_report,,,1576,5rw_page.asp_p=1_id=5750_cd51447e.html
fifth_report,,,517,5rw_page.asp_id=5751_aa651469.html
fifth_report,,,1238,5rw_page.asp_p=1_id=5752_97d8c1a3.html
fifth_report,,,1335,5rw_page.asp_id=5753_cf79d85c.html
fifth_report,,,3077,5rw_page.asp_id=5754_52f51f3b.html
fifth_report,,,4124,5rw_page.asp_id=5755_91db8d8c.html
fifth_report,,,1395,5rw_page.asp_p=1_id=5756_2c27ca89.html
fifth_report,,,5183,5rw_page.asp_p=1_id=5757_bbea9715.html
fifth_report,,,1155,5rw_page.asp_id=5758_2f1358f5.html
fifth_report,,,1202,5rw_page.asp_p=1_id=5759_53e36727.html
fifth_report,,,2797,5rw_page.asp_id=5760_9843d778.html
fifth_report,,,371,5rw_page.asp_p=1_id=5761_5b65231a.html
fifth_report,,,59,5rw_page.asp_id=5762_0de9e71f.html
fifth_report,,,61,5rw_page.asp_id=5763_8ce967ef.html
fifth_report,,,1462,5rw_page.asp_p=1_id=5764_32eab6fc.html
fifth_report,,,57,5rw_page.asp_p=1_id=5765_1b965766.html
fifth_report,,,126,5rw_page.asp_id=5766_cc9c7f91.html
fifth_report,,,112,5rw_page.asp_id=5767_b123b286.html
fifth_report,,,159,5rw_page.asp_id=5768_aa3d797f.html
fifth_report,,,64,5rw_page.asp_p=1_id=5769_9213e5c0.html
fifth_report,,,38,5rw_page.asp_id=5770_2013f466.html
fifth_report,,,79,5rw_page.asp_p=1_id=5771_7ae6f694.html
fifth_report,,,203,5rw_page.asp_id=5772_d45e7305.html
fifth_report,,,80,5rw_page.asp_id=5773_d38b9d6c.html
fifth_report,,,386,5rw_page.asp_p=1_id=5774_7541d35e.html
fifth_report,,,671,5rw_page.asp_id=5775_d46637a3.html
fifth_report,,,3184,5rw_page.asp_p=1_id=5776_c1096734.html
fifth_report,,,3956,5rw_page.asp_id=5778_fe7c7854.html
fifth_report,,,28,5rw_page.asp_p=1_id=5779_109a772c.html
fifth_report,,,76,5rw_page.asp_p=1_id=5780_e9ec96c3.html
fifth_report,,,157,5rw_page.asp_p=1_id=5781_c97eb975.html
fifth_report,,,151,5rw_page.asp_id=5782_3a3f794f.html
fifth_report,,,8148,5rw_page.asp_id=5783_56f6cf12.html
fifth_report,,,527,5rw_page.asp_id=5784_e8781025.html
fifth_report,,,443,5rw_page.asp_id=5785_3cf3bd89.html
fifth_report,,,316,5rw_page.asp_p=1_id=5786_ffc78fcc.html
fifth_report,,,266,5rw_page.asp_id=5787_22107de3.html
fifth_report,,,563,5rw_page.asp_p=1_id=5788_ff38b671.html
fifth_report,,,148,5rw_page.asp_ID=5789_ca3416ae.html
fifth_report,,,24,5rw_page.asp_id=5790_5b32e14b.html
fifth_report,,,295,5rw_page.asp_p=1_id=5791_26490e19.html
fifth_report,,,630,5rw_page.asp_id=5792_de1ca477.html
fifth_report,,,379,5rw_page.asp_id=5793_3f5a49a7.html
fifth_report,,,1705,5rw_page.asp_id=5794_c52e17f7.html
fifth_report,,,495,5rw_page.asp_id=5795_0b87bea8.html
fifth_report,,,3022,5rw_page.asp_p=1_id=5796_f270963c.html
fifth_report,,,1571,5rw_page.asp_ID=5797_1720b482.html
fifth_report,,,17,5rw_page.asp_id=5798_800e4e77.html
fifth_report,,,134,5rw_page.asp_p=1_id=5799_0a921ae0.html
fifth_report,,,1507,5rw_page.asp_p=1_id=5800_ccbc73c4.html
fifth_report,,,3161,5rw_page.asp_id=5801_2dfdfe55.html
fifth_report,,,8166,5rw_page.asp_id=5802_c05ec9d7.html
fifth_report,,,454,5rw_page.asp_id=5803_d359d22d.html
fifth_report,,,1165,5rw_page.asp_id=5804_d798cd32.html
fifth_report,,,36,5rw_page.asp_p=1_id=5805_e997a44c.html
fifth_report,,,376,5rw_page.asp_p=1_id=5806_c09e8807.html
fifth_report,,,388,5rw_page.asp_id=5807_181d907c.html
fifth_report,,,694,5rw_page.asp_p=1_id=5808_c0e9e5d0.html
fifth_report,,,317,5rw_page.asp_id=5809_6732df68.html
fifth_report,,,1529,5rw_page.asp_p=1_id=5810_b34e6969.html
fifth_report,,,5894,5rw_page.asp_id=5811_3326fcf3.html
fifth_report,,,3626,5rw_page.asp_p=1_id=5812_970bff14.html
fifth_report,,,3540,5rw_page.asp_p=1_id=5813_37ad121c.html
fifth_report,,,1534,5rw_page.asp_id=5814_e3cd0e49.html
fifth_report,,,476,5rw_page.asp_p=1_id=5815_6a1d8487.html
fifth_report,,,24,5rw_page.asp_p=1_id=5816_79e31ec5.html
fifth_report,,,89,5rw_page.asp_id=5817_231eaf78.html
fifth_report,,,596,5rw_page.asp_p=1_id=5818_9953185d.html
fifth_report,,,3071,5rw_page.asp_id=5819_a9080788.html
fifth_report,,,9311,5rw_page.asp_id=5820_71c0ca5e.html
fifth_report,,,276,5rw_page.asp_p=1_id=5821_4a7055d1.html
fifth_report,,,28,5rw_page.asp_id=5822_db816581.html
fifth_report,,,222,5rw_page.asp_p=1_id=5823_5c169fc3.html
fifth_report,,,2733,5rw_page.asp_id=5824_1bf653f8.html
fifth_report,,,1873,5rw_page.asp_id=5825_6861d9f4.html
fifth_report,,,1660,5rw_page.asp_p=1_id=5826_ce647c35.html
fifth_report,,,1900,5rw_page.asp_id=5827_29705676.html
fifth_report,,,4646,5rw_page.asp_id=5828_3577d0bc.html
fifth_report,,,752,5rw_page.asp_id=5829_7ab7c3f5.html
fifth_report,,,277,5rw_page.asp_p=1_id=5830_df644ac3.html
fifth_report,,,38,5rw_page.asp_p=1_id=5831_97e53599.html
fifth_report,,,358,5rw_page.asp_p=1_id=5832_4eef5c44.html
fifth_report,,,1464,5rw_page.asp_p=1_id=5833_38c9d92a.html
fifth_report,,,6588,5rw_page.asp_id=5834_50b13081.html
fifth_report,,,1249,5rw_page.asp_id=5835_4acb7efb.html
fifth_report,,,1282,5rw_page.asp_p=1_id=5836_48e8ee85.html
fifth_report,,,712,5rw_page.asp_id=5837_25a91ffc.html
fifth_report,,,508,5rw_page.asp_p=1_id=5838_65691907.html
fifth_report,,,119,5rw_page.asp_id=5839_4106957a.html
fifth_report,,,203,5rw_page.asp_p=1_id=5840_fad14ab2.html
fifth_report,,,205,5rw_page.asp_p=1_id=5841_f8288b12.html
fifth_report,,,13,5rw_page.asp_id=5842_8e5dcd8f.html
fifth_report,,,183,5rw_page.asp_p=1_id=5843_a5ba7a45.html
fifth_report,,,12433,5rw_page.asp_p=1_id=5844_ebcce556.html
fifth_report,,,2380,5rw_page.asp_p=1_id=5845_fba73f78.html
fifth_report,,,3108,5rw_page.asp_p=1_id=5846_a3411021.html
fifth_report,,,1738,5rw_page.asp_ID=5847_89d81482.html
fifth_report,,,36,5rw_page.asp_p=1_id=5848_8d0db1a8.html
fifth_report,,,571,5rw_page.asp_id=5849_d215cd5a.html
fifth_report,,,3567,5rw_page.asp_p=1_id=5850_dd95e9bc.html
fifth_report,,,5466,5rw_page.asp_p=1_id=5851_96b22b4f.html
fifth_report,,,1737,5rw_page.asp_id=5852_6d4bfa48.html
fifth_report,,,4619,5rw_page.asp_id=5853_63d2f8ea.html
fifth_report,,,24,5rw_page.asp_p=1_id=5855_2aec723b.html
fifth_report,,,2109,5rw_page.asp_id=5856_bcabd92e.html
fifth_report,,,1147,5rw_page.asp_p=1_id=5857_61fba72a.html
fifth_report,,,3224,5rw_page.asp_p=1_id=5858_2414f437.html
fifth_report,,,5317,5rw_page.asp_p=1_id=5859_30b01366.html
fifth_report,,,4173,5rw_page.asp_id=5860_a1097e0c.html
fifth_report,,,1645,5rw_page.asp_id=5861_942d1d41.html
fifth_report,,,237,5rw_page.asp_ID=5862_64f00c05.html
fifth_report,,,14,5rw_page.asp_id=5863_b44b9a8e.html
fifth_report,,,701,5rw_page.asp_ID=5864_92090be4.html
fifth_report,,,345,5rw_page.asp_p=1_id=5865_8cddbe2a.html
fifth_report,,,14858,5rw_page.asp_p=1_id=5866_edcf8be8.html
fifth_report,,,1211,5rw_page.asp_id=5867_516d8963.html
fifth_report,,,1694,5rw_page.asp_id=5868_b6ffba01.html
fifth_report,,,23,5rw_page.asp_id=5869_f11d062e.html
fifth_report,,,827,5rw_page.asp_p=1_id=5870_b51c88b4.html
fifth_report,,,1845,5rw_page.asp_p=1_id=5871_0d0bf3e7.html
fifth_report,,,1234,5rw_page.asp_id=5872_48b46fe5.html
fifth_report,,,687,5rw_page.asp_p=1_id=5873_e568145c.html
fifth_report,,,3796,5rw_page.asp_p=1_id=5874_edf6718b.html
fifth_report,,,1431,5rw_page.asp_id=5875_243f0e59.html
fifth_report,,,808,5rw_page.asp_p=1_id=5876_a5022cd3.html
fifth_report,,,54,5rw_page.asp_id=5877_688a753f.html
fifth_report,,,177,5rw_page.asp_ID=5878_9d280cb0.html
fifth_report,,,904,5rw_page.asp_id=5879_9c2fd5a5.html
fifth_report,,,1305,5rw_page.asp_p=1_id=5880_d63944e4.html
fifth_report,,,755,5rw_page.asp_p=1_id=5881_df63eb00.html
fifth_report,,,5708,5rw_page.asp_p=1_id=5882_973ca305.html
fifth_report,,,1468,5rw_page.asp_p=1_id=5883_c8d413eb.html
fifth_report,,,2316,5rw_page.asp_p=1_id=5884_b248c1ee.html
fifth_report,,,1213,5rw_page.asp_p=1_id=5885_d57ab897.html
fifth_report,,,3275,5rw_page.asp_id=5886_eae1135e.html
fifth_report,,,974,5rw_page.asp_id=5887_c091a073.html
fifth_report,,,470,5rw_page.asp_id=5888_e6fbdc49.html
fifth_report,,,1284,5rw_page.asp_id=5889_01fa9bd2.html
fifth_report,,,848,5rw_page.asp_p=1_id=5890_0eb8efba.html
fifth_report,,,28,5rw_page.asp_p=1_id=5891_f7c0df48.html
fifth_report,,,870,5rw_page.asp_p=1_id=5892_2f5faa49.html
fifth_report,,,1319,5rw_page.asp_id=5893_55040fa4.html
fifth_report,,,955,5rw_page.asp_p=1_id=5894_9bb562a2.html
fifth_report,,,1584,5rw_page.asp_id=5895_aa1cfe82.html
fifth_report,,,2033,5rw_page.asp_p=1_id=5896_acf96fa1.html
fifth_report,,,2437,5rw_page.asp_id=5897_afb3827b.html
fifth_report,,,1486,5rw_page.asp_p=1_id=5898_c15f3659.html
fifth_report,,,1092,5rw_page.asp_ID=5899_b6c469a3.html
fifth_report,,,21,5rw_page.asp_id=5900_73d933c6.html
fifth_report,,,553,5rw_page.asp_p=1_id=5901_10b38383.html
fifth_report,,,12329,5rw_page.asp_id=5902_ad0035f4.html
fifth_report,,,13172,5rw_page.asp_p=1_id=5903_d53c1826.html
fifth_report,,,3895,5rw_page.asp_id=5904_761a3620.html
fifth_report,,,1027,5rw_page.asp_id=5905_98fc3273.html
fifth_report,,,6,5rw_page.asp_p=1_id=5906_330b4511.html
fifth_report,,,333,5rw_page.asp_id=5907_962f57ce.html
fifth_report,,,6415,5rw_page.asp_id=5908_b175e408.html
fifth_report,,,795,5rw_page.asp_p=1_id=5909_cfc841b2.html
fifth_report,,,580,5rw_page.asp_ID=5910_31517a99.html
fifth_report,,,58,5rw_page.asp_p=1_id=5911_1067912d.html
fifth_report,,,754,5rw_page.asp_p=1_id=5912_485e9d96.html
fifth_report,,,828,5rw_page.asp_p=1_id=5913_5fc54797.html
fifth_report,,,3608,5rw_page.asp_id=5914_e43c558b.html
fifth_report,,,434,5rw_page.asp_p=1_id=5915_0ff1fa05.html
fifth_report,,,721,5rw_page.asp_p=1_id=5916_e79638a9.html
fifth_report,,,10673,5rw_page.asp_id=5917_7650c4cc.html
fifth_report,,,6519,5rw_page.asp_p=1_id=5918_4113dc0b.html
fifth_report,,,4805,5rw_page.asp_id=5919_b2e7293a.html
fifth_report,,,3823,5rw_page.asp_p=1_id=5920_48c9d021.html
fifth_report,,,3387,5rw_page.asp_id=5921_bbddee40.html
fifth_report,,,1290,5rw_page.asp_p=1_id=5922_2f94cc95.html
fifth_report,,,35,5rw_page.asp_p=1_id=5923_16366315.html
fifth_report,,,876,5rw_page.asp_ID=5924_da949eed.html
fifth_report,,,5369,5rw_page.asp_p=1_id=5925_3286e166.html
fifth_report,,,5720,5rw_page.asp_id=5926_e6718a04.html
fifth_report,,,12402,5rw_page.asp_id=5927_d9eeb16d.html
fifth_report,,,5008,5rw_page.asp_p=1_id=5928_4e02664e.html
fifth_report,,,7982,5rw_page.asp_p=1_id=5929_113c3235.html
fifth_report,,,795,5rw_page.asp_p=1_id=5930_1d25e0c8.html
fifth_report,,,88,5rw_page.asp_id=5931_d4cd63bf.html
fifth_report,,,730,5rw_page.asp_ID=5932_929cb255.html
fifth_report,,,1361,5rw_page.asp_p=1_id=5933_d43bec9c.html
fifth_report,,,363,5rw_page.asp_p=1_id=5934_93405881.html
fifth_report,,,5573,5rw_page.asp_p=1_id=5935_8ec09287.html
fifth_report,,,1367,5rw_page.asp_id=5936_d4c15d36.html
fifth_report,,,257,5rw_page.asp_p=1_id=5937_433ef96d.html
fifth_report,,,5228,5rw_page.asp_id=5938_80d76d6e.html
fifth_report,,,745,5rw_page.asp_p=1_id=5939_44eda007.html
fifth_report,,,4905,5rw_page.asp_id=5940_e5c9b485.html
fifth_report,,,557,5rw_page.asp_p=1_id=5941_1d7039c0.html
fifth_report,,,541,5rw_page.asp_id=5942_e89bcc72.html
fifth_report,,,1744,5rw_page.asp_id=5943_2e334532.html
fifth_report,,,2956,5rw_page.asp_id=5944_07a25809.html
fifth_report,,,1102,5rw_page.asp_p=1_id=5945_11fe8d45.html
fifth_report,,,5519,5rw_page.asp_p=1_id=5946_77ef4f63.html
fifth_report,,,1384,5rw_page.asp_p=1_id=5947_fd5ecd34.html
fifth_report,,,35,5rw_page.asp_p=1_id=5948_c6d94812.html
fifth_report,,,352,5rw_page.asp_ID=5949_0227024c.html
fifth_report,,,650,5rw_page.asp_id=5950_a6f18ba4.html
fifth_report,,,101,5rw_page.asp_id=5951_e1309599.html
fifth_report,,,17864,5rw_page.asp_id=5952_5545f01b.html
fifth_report,,,1371,5rw_page.asp_p=1_id=5953_08511943.html
fifth_report,,,952,5rw_page.asp_p=1_id=5954_3cecdf7d.html
fifth_report,,,2203,5rw_page.asp_id=5955_38d3c1d4.html
fifth_report,,,1488,5rw_page.asp_p=1_id=5956_1c060861.html
fifth_report,,,2778,5rw_page.asp_p=1_id=5957_c0411eac.html
fifth_report,,,2643,5rw_page.asp_ID=5958_df44758f.html
fifth_report,,,41,5rw_page.asp_id=5959_d023f9da.html
fifth_report,,,1633,5rw_page.asp_p=1_id=5960_bd8e57a2.html
fifth_report,,,357,5rw_page.asp_id=5961_9d42b58e.html
fifth_report,,,389,5rw_page.asp_id=5962_1dd1b538.html
fifth_report,,,6625,5rw_page.asp_p=1_id=5963_34ea0037.html
fifth_report,,,5630,5rw_page.asp_p=1_id=5964_8f8e6fed.html
fifth_report,,,3381,5rw_page.asp_id=5965_d2490b3b.html
fifth_report,,,1169,5rw_page.asp_id=5966_d2fa125c.html
fifth_report,,,5883,5rw_page.asp_id=5967_e41607fa.html
fifth_report,,,327,5rw_page.asp_id=5968_5bdcadb7.html
fifth_report,,,1431,5rw_page.asp_p=1_id=5969_b0dc1e1a.html
fifth_report,,,36,5rw_page.asp_p=1_id=5970_898f427f.html
fifth_report,,,848,5rw_page.asp_ID=5971_f0bc6ab9.html
fifth_report,,,4265,5rw_page.asp_id=5972_5a321cea.html
fifth_report,,,3481,5rw_page.asp_p=1_id=5973_50cce90f.html
fifth_report,,,812,5rw_page.asp_id=5974_1157be06.html
fifth_report,,,799,5rw_page.asp_id=5975_c1186ba3.html
fifth_report,,,26,5rw_page.asp_p=1_id=5976_6a224be9.html
fifth_report,,,2283,5rw_page.asp_p=1_id=5977_e4aa8b75.html
fifth_report,,,456,5rw_page.asp_id=5978_c0563d60.html
fifth_report,,,12108,5rw_page.asp_id=5979_e25e9ad7.html
fifth_report,,,2047,5rw_page.asp_id=5980_5b0a89bc.html
fifth_report,,,3458,5rw_page.asp_id=5981_36edb98d.html
fifth_report,,,5432,5rw_page.asp_id=5982_8c81470d.html
fifth_report,,,2171,5rw_page.asp_p=1_id=5983_6c2b6fa1.html
fifth_report,,,2325,5rw_page.asp_p=1_id=5984_14744aad.html
fifth_report,,,32,5rw_page.asp_id=5985_265f76a4.html
fifth_report,,,893,5rw_page.asp_p=1_id=5986_96724368.html
fifth_report,,,1367,5rw_page.asp_p=1_id=5987_97b5ff91.html
fifth_report,,,758,5rw_page.asp_p=1_id=5988_9dacb115.html
fifth_report,,,2733,5rw_page.asp_id=5989_2f244cc4.html
fifth_report,,,5004,5rw_page.asp_id=5990_7ae783c2.html
fifth_report,,,5091,5rw_page.asp_id=5991_07255b93.html
fifth_report,,,19549,5rw_page.asp_p=1_id=5992_dba7bbf7.html
fifth_report,,,145,5rw_page.asp_p=1_id=5993_6702b6a3.html
fifth_report,,,11047,5rw_page.asp_p=1_id=5994_98c03a7d.html
fifth_report,,,1536,5rw_page.asp_id=5995_957bebe9.html
fifth_report,,,39,5rw_page.asp_p=1_id=5996_31967f25.html
fifth_report,,,994,5rw_page.asp_ID=5997_f76cdafe.html
fifth_report,,,8036,5rw_page.asp_p=1_id=5998_2023d1f6.html
fifth_report,,,10520,5rw_page.asp_id=5999_206a8faf.html
fifth_report,,,8183,5rw_page.asp_id=6000_0782efe0.html
fifth_report,,,3312,5rw_page.asp_p=1_id=6001_000bde61.html
fifth_report,,,1693,5rw_page.asp_id=6002_d12be0b7.html
fifth_report,,,1732,5rw_page.asp_p=1_id=6003_3a554179.html
fifth_report,,,732,5rw_page.asp_p=1_id=6004_7df3ba2e.html
fifth_report,,,597,5rw_page.asp_p=1_id=6005_673988ec.html
fifth_report,,,24,5rw_page.asp_id=6006_06076772.html
fifth_report,,,637,5rw_page.asp_id=6007_6e2ef570.html
fifth_report,,,21701,5rw_page.asp_p=1_id=6008_09baf080.html
fifth_report,,,7482,5rw_page.asp_p=1_id=6009_1846ab35.html
fifth_report,,,18147,5rw_page.asp_p=1_id=6010_858f2a51.html
fifth_report,,,523,5rw_page.asp_ID=6011_e9378d02.html
fifth_report,,,89,5rw_page.asp_p=1_id=6012_a06a22a5.html
fifth_report,,,170,5rw_page.asp_p=1_id=6013_2bd4aa6c.html
fifth_report,,,539,5rw_page.asp_id=6014_5f7188d3.html
fifth_report,,,1177,5rw_page.asp_id=6015_65fb6210.html
fifth_report,,,10,5rw_page.asp_p=1_id=6016_81d4bd68.html
fifth_report,,,18,5rw_page.asp_id=6017_e83a825e.html
fifth_report,,,161,5rw_page.asp_p=1_id=6018_5c528d8f.html
fifth_report,,,8,5rw_page.asp_p=1_id=6019_e730bb11.html
sixth_report,CHAPTER ONE - Extending the Inquiry's Investigations to Cover Shipman's Activities in Pontefract,The Inquiry's Investigations,2233,6r_page.asp_ch=01_pa=22_06fdaa72.html
sixth_report,CHAPTER ONE - Extending the Inquiry's Investigations to Cover Shipman's Activities in Pontefract,Introduction,515,6r_page.asp_ch=01_pa=01_732d3d61.html
sixth_report,CHAPTER TWO - The Wards and Staffing Arrangements at the Hospital,Introduction,206,6r_page.asp_ch=02_pa=01_395df06d.html
sixth_report,CHAPTER THREE - Shipman's Career at the Hospital,Introduction,951,6r_page.asp_ch=03_pa=01_71ba4b33.html
sixth_report,CHAPTER FOUR - The Arrangements for Storing and Administering Drugs at the Hospital,Introduction,229,6r_page.asp_ch=04_pa=01_2594a292.html
sixth_report,CHAPTER FIVE - Deaths at the Hospital and Death and Cremation Certification,Introduction,132,6r_page.asp_ch=05_pa=01_4a92c881.html
sixth_report,CHAPTER SIX - Review of Deaths at the Hospital by Professor Richard Baker,Introduction,145,6r_page.asp_ch=06_pa=01_8fc91f8c.html
sixth_report,CHAPTER SEVEN - Shipman's Unlawful Activities: the Pontefract Years,Introduction,131,6r_page.asp_ch=07_pa=01_be3bf5ea.html
sixth_report,CHAPTER SEVEN - Shipman's Unlawful Activities: the Pontefract Years,My Findings in Summary,971,6r_page.asp_ch=07_pa=31_7d412eb0.html
sixth_report,,,33,6r_page.asp_ch=101_pa=1_e9ca9daa.html
sixth_report,APPENDIX C - Chronological List of Deaths Considered,APPENDIX B - Alphabetical List of Deaths Considered,22,6r_page.asp_ch=102_pa=1_24260592.html
sixth_report,APPENDIX B - Alphabetical List of Deaths Considered,APPENDIX C - Chronological List of Deaths Considered,23,6r_page.asp_ch=103_pa=1_51cc6879.html
sixth_report,APPENDIX C - Chronological List of Deaths Considered,APPENDIX D - Pontefract Decisions,6,6r_page.asp_ch=104_pa=1_4734c8d0.html
sixth_report,APPENDIX D - Pontefract Decisions,APPENDIX E - Beatrice Helen Clee,873,6r_page.asp_ch=105_pa=01_b6477bce.html
sixth_report,APPENDIX E - Beatrice Helen Clee,APPENDIX F - Georgina Francis,2550,6r_page.asp_ch=106_pa=1_b507cca2.html
sixth_report,APPENDIX F - Georgina Francis,APPENDIX G - Alfred Wright,1642,6r_page.asp_ch=107_pa=01_546cccd4.html
sixth_report,APPENDIX G - Alfred Wright,APPENDIX H - John (or Jonathon) Harkin,4644,6r_page.asp_ch=108_pa=01_7b6134a0.html
sixth_report,,The Sixth Report,36,6r_page.asp_40518b3c.html
sixth_report,,,8,6r_page.asp_id=3015_c022c9b8.html
sixth_report,CHAPTER TWO - The Wards and Staffing Arrangements at the Hospital,The Layout of the Hospital,1437,6r_page.asp_id=3027_867e715e.html
sixth_report,,APPENDIX E - Beatrice Helen Clee,8,6r_page.asp_id=3079_2afd2d7b.html
sixth_report,,Foreword,3,6r_page.asp_ID=3392_892ad1d5.html
sixth_report,,Foreword,779,6r_page.asp_id=3393_dbe25bab.html
sixth_report,,Summary,14,6r_page.asp_p=1_id=3394_334daa9b.html
sixth_report,,Introduction,430,6r_page.asp_ID=3395_ec439b53.html
sixth_report,,The Inquiry's Investigations,418,6r_page.asp_p=1_id=3396_3ebce233.html
sixth_report,,Shipman at Pontefract General Infirmary,516,6r_page.asp_p=1_id=3397_27f64bde.html
sixth_report,,Professor Baker's Review,890,6r_page.asp_p=1_id=3398_07f67891.html
sixth_report,,My Findings,1233,6r_page.asp_p=1_id=3399_bd35eded.html
sixth_report,,A Chronological Account,777,6r_page.asp_id=3400_ef281fca.html
sixth_report,,Conclusions,740,6r_page.asp_p=1_id=3401_7167b3bf.html
sixth_report,,,7,6r_page.asp_ID=3401__df908e53.html
sixth_report,,CHAPTER ONE - Extending the Inquiry's Investigations to Cover Shipman's Activities in Pontefract,6,6r_page.asp_id=3402_18ed5ebb.html
sixth_report,CHAPTER ONE - Extending the Inquiry's Investigations to Cover Shipman's Activities in Pontefract,The Inquiry's Previous Investigations into the Deaths of Patients in Todmorden and Hyde,253,6r_page.asp_p=1_id=3404_038680fe.html
sixth_report,CHAPTER ONE - Extending the Inquiry's Investigations to Cover Shipman's Activities in Pontefract,Previous Investigations Relating to Pontefract,629,6r_page.asp_id=3405_eedabbe4.html
sixth_report,CHAPTER ONE - Extending the Inquiry's Investigations to Cover Shipman's Activities in Pontefract,Concerns Are Expressed about Shipman's Time at Pontefract General Infirmary,126,6r_page.asp_p=1_id=3406_d8793796.html
sixth_report,CHAPTER ONE - Extending the Inquiry's Investigations to Cover Shipman's Activities in Pontefract,The Structure of This Report,403,6r_page.asp_id=3408_7457a284.html
sixth_report,CHAPTER TWO - The Wards and Staffing Arrangements at the Hospital,Comment,282,6r_page.asp_ID=3409_ecc48e08.html
sixth_report,,CHAPTER TWO - The Wards and Staffing Arrangements at the Hospital,10,6r_page.asp_id=3410_6b632091.html
sixth_report,CHAPTER TWO - The Wards and Staffing Arrangements at the Hospital,General Staffing Arrangements at the Hospital,2013,6r_page.asp_id=3413_fe77260d.html
sixth_report,CHAPTER TWO - The Wards and Staffing Arrangements at the Hospital,Staffing Arrangements on Individual Wards,1500,6r_page.asp_id=3414_684f3ecd.html
sixth_report,CHAPTER THREE - Shipman's Career at the Hospital,Contact between Doctors and Patients,1050,6r_page.asp_id=3415_da333087.html
sixth_report,CHAPTER THREE - Shipman's Career at the Hospital,Views about Shipman,4348,6r_page.asp_p=1_id=3418_f00b2aa9.html
sixth_report,CHAPTER THREE - Shipman's Career at the Hospital,Conclusions,450,6r_page.asp_p=1_id=3419_58571a44.html
sixth_report,,CHAPTER FOUR - The Arrangements for Storing and Administering Drugs at the Hospital,6,6r_page.asp_id=3420_3b308113.html
sixth_report,CHAPTER FOUR - The Arrangements for Storing and Administering Drugs at the Hospital,Controlled Drugs,2996,6r_page.asp_p=1_id=3422_6c899574.html
sixth_report,CHAPTER FOUR - The Arrangements for Storing and Administering Drugs at the Hospital,Non-Controlled Drugs,2370,6r_page.asp_p=1_id=3423_731aee5a.html
sixth_report,CHAPTER FOUR - The Arrangements for Storing and Administering Drugs at the Hospital,Shipman's Abuse of Pethidine,545,6r_page.asp_p=1_id=3424_10969561.html
sixth_report,,CHAPTER FIVE - Deaths at the Hospital and Death and Cremation Certification,4,6r_page.asp_p=1_id=3425_db40b3e9.html
sixth_report,CHAPTER FIVE - Deaths at the Hospital and Death and Cremation Certification,The Care of Patients Who Were Close to Death,1076,6r_page.asp_p=1_id=3427_7f66274b.html
sixth_report,CHAPTER FIVE - Deaths at the Hospital and Death and Cremation Certification,Death Certification,1286,6r_page.asp_p=1_id=3428_5ff8c587.html
sixth_report,CHAPTER FIVE - Deaths at the Hospital and Death and Cremation Certification,Cremation Certification,5108,6r_page.asp_p=1_id=3429_0687d58f.html
sixth_report,CHAPTER SIX - Review of Deaths at the Hospital by Professor Richard Baker,Conclusions,439,6r_page.asp_ID=3430_eb78f55e.html
sixth_report,,CHAPTER SIX - Review of Deaths at the Hospital by Professor Richard Baker,12,6r_page.asp_id=3431_ddf4d160.html
sixth_report,CHAPTER SIX - Review of Deaths at the Hospital by Professor Richard Baker,Review of Medical Records,466,6r_page.asp_p=1_id=3433_9b0bb94a.html
sixth_report,CHAPTER SIX - Review of Deaths at the Hospital by Professor Richard Baker,Analysis of Death Certificates,1031,6r_page.asp_p=1_id=3434_cecafa31.html
sixth_report,CHAPTER SIX - Review of Deaths at the Hospital by Professor Richard Baker,Analysis of Cremation Certificates,2723,6r_page.asp_p=1_id=3435_efca8054.html
sixth_report,CHAPTER SIX - Review of Deaths at the Hospital by Professor Richard Baker,The Number of Deaths,1926,6r_page.asp_id=3436_fa7fa688.html
sixth_report,CHAPTER SEVEN - Shipman's Unlawful Activities: the Pontefract Years,Conclusions,271,6r_page.asp_id=3437_4d26635c.html
sixth_report,,CHAPTER SEVEN - Shipman's Unlawful Activities: the Pontefract Years,9,6r_page.asp_p=1_id=3438_b2f3275a.html
sixth_report,CHAPTER SEVEN - Shipman's Unlawful Activities: the Pontefract Years,The Background Evidence,774,6r_page.asp_id=3440_b892212d.html
sixth_report,CHAPTER SEVEN - Shipman's Unlawful Activities: the Pontefract Years,Factors Giving Rise to Suspicion,3199,6r_page.asp_p=1_id=3441_3cb16898.html
sixth_report,CHAPTER SEVEN - Shipman's Unlawful Activities: the Pontefract Years,My Approach to the Individual Cases,651,6r_page.asp_p=1_id=3442_71ce3080.html
sixth_report,CHAPTER SEVEN - Shipman's Unlawful Activities: the Pontefract Years,A Chronological Account,5501,6r_page.asp_id=3444_55261d5e.html
sixth_report,"APPENDIX A - Harold Shipman and Deaths at Pontefract General Infirmary, 1969 to 1974. A Review of Medical Records, Death Certificates and Cremation Forms",Conclusions,1418,6r_page.asp_ID=3445_4a53632b.html
sixth_report,,"APPENDIX A - Harold Shipman and Deaths at Pontefract General Infirmary, 1969 to 1974. A Review of Medical Records, Death Certificates and Cremation Forms",53,6r_page.asp_id=3446_fe01c864.html
sixth_report,"APPENDIX A - Harold Shipman and Deaths at Pontefract General Infirmary, 1969 to 1974. A Review of Medical Records, Death Certificates and Cremation Forms","Harold Shipman and Deaths at Pontefract General Infirmary, 1969 to 1974. A Review of Medical Records, Death Certificates and Cremation Forms",11,6r_page.asp_ID=3447_f9e62c7d.html
sixth_report,"APPENDIX A - Harold Shipman and Deaths at Pontefract General Infirmary, 1969 to 1974. A Review of Medical Records, Death Certificates and Cremation Forms",Acknowledgements,34,6r_page.asp_id=3448_5a2c1123.html
sixth_report,"APPENDIX A - Harold Shipman and Deaths at Pontefract General Infirmary, 1969 to 1974. A Review of Medical Records, Death Certificates and Cremation Forms",Introduction and Summary of Findings,521,6r_page.asp_p=1_id=3449_9abfa19b.html
sixth_report,"APPENDIX A - Harold Shipman and Deaths at Pontefract General Infirmary, 1969 to 1974. A Review of Medical Records, Death Certificates and Cremation Forms",Review of Medical Records,914,6r_page.asp_p=1_id=3450_6731065c.html
sixth_report,"APPENDIX A - Harold Shipman and Deaths at Pontefract General Infirmary, 1969 to 1974. A Review of Medical Records, Death Certificates and Cremation Forms",Analysis of Death Certificates,2037,6r_page.asp_p=1_id=3451_7797b14d.html
sixth_report,"APPENDIX A - Harold Shipman and Deaths at Pontefract General Infirmary, 1969 to 1974. A Review of Medical Records, Death Certificates and Cremation Forms",Analysis of Cremation Certificates,3142,6r_page.asp_p=1_id=3452_34265ece.html
sixth_report,Appendix: Review of Surviving Records,Conclusions,291,6r_page.asp_id=3453_e5188194.html
sixth_report,"APPENDIX A - Harold Shipman and Deaths at Pontefract General Infirmary, 1969 to 1974. A Review of Medical Records, Death Certificates and Cremation Forms",Appendix: Review of Surviving Records,8541,6r_page.asp_id=3454_57498c54.html
sixth_report,,ADDENDUM TO PROFESSOR RICHARD BAKER'S REVIEW: DECEMBER 2004,9,6r_page.asp_p=1_id=3455_7e84cd1f.html
sixth_report,,Distribution of Deaths by Time of Day,705,6r_page.asp_id=3456_4783c023.html
sixth_report,,Chi Square,146,6r_page.asp_p=1_id=3457_5f7a9411.html
